id_cliente,ind_empleado,pais_residencia,sexo,fecha_alta,conyuemp,canal_entrada,indfall,aparece_en_train,aparece_en_test
15889,F,ES,V,1995-01-16,N,KAT,N,0,1
1050088,N,ES,H,2012-08-10,,KHD,N,1,0
1050091,N,ES,H,2012-08-10,,KFA,N,1,0
1050094,N,ES,V,2012-08-10,,KHE,N,1,0
1050095,N,ES,H,2012-08-10,,KHE,N,1,0
1050096,N,ES,V,2012-08-10,,KHD,N,1,0
1050098,N,ES,V,2012-08-10,,KHD,N,1,0
1050102,N,ES,V,2012-08-10,,KHE,N,1,0
1050103,N,ES,V,2012-08-10,,KHE,N,1,0
1050104,N,ES,H,2012-08-10,,KHE,N,1,0
1050107,N,ES,H,2012-08-10,,KHD,N,1,0
1050109,N,ES,H,2012-08-10,,KHE,N,1,0
1050110,N,ES,H,2012-08-10,,KHE,N,1,0
1050111,N,ES,H,2012-08-10,,KHD,N,1,0
1050113,N,ES,H,2012-08-10,,KHE,N,1,0
1050114,N,ES,V,2012-08-10,,KHD,N,1,0
1050116,N,ES,H,2012-08-10,,KHE,N,1,0
1050117,N,ES,V,2012-08-10,,KHE,N,1,0
1050120,N,ES,H,2012-08-10,,KHE,N,1,0
1050124,N,ES,H,2012-08-10,,KHE,N,1,0
1050125,N,ES,V,2012-08-10,,KHE,N,1,0
1050130,N,ES,H,2012-08-10,,KHE,N,1,0
1050132,N,ES,V,2012-08-10,,KHD,N,1,0
1050134,N,ES,V,2012-08-10,,KHE,N,1,0
1050135,N,ES,H,2012-08-10,,KHD,N,1,0
1050137,N,ES,V,2012-08-10,,KHE,N,1,0
1050138,N,ES,V,2012-08-10,,KHE,N,1,0
1050141,N,ES,V,2012-08-10,,KHD,N,1,0
1050143,N,ES,H,2012-08-10,,KHE,N,1,0
1050144,N,ES,H,2012-08-10,,KHD,N,1,0
1050146,N,ES,H,2012-08-10,,KFA,N,1,0
1050148,N,ES,H,2012-08-10,,KHE,N,1,0
1050149,N,ES,H,2012-08-10,,KHE,N,1,0
1050150,N,ES,H,2012-08-10,,KHE,N,1,0
1050153,N,ES,V,2012-08-10,,KHE,N,1,0
1050154,N,ES,V,2012-08-10,,KHE,N,1,0
1050155,N,ES,V,2012-08-10,,KHE,N,1,0
1050156,N,ES,H,2012-08-10,,KHE,N,1,0
1050157,N,ES,V,2012-08-10,,KHE,N,1,0
1050158,N,ES,H,2012-08-10,,KHE,N,1,0
1050159,N,ES,H,2012-08-10,,KHE,N,1,0
1050160,N,ES,V,2012-08-10,,KHE,N,1,0
1050161,N,ES,H,2012-08-10,,KHE,N,1,0
1050162,N,ES,H,2012-08-10,,KHE,N,1,0
1050163,N,ES,V,2012-08-10,,KHE,N,1,0
1050164,N,ES,V,2012-08-10,,KHE,N,1,0
1050165,N,ES,V,2012-08-10,,KHE,N,1,0
1050166,N,ES,V,2012-08-10,,KHE,N,1,0
1050167,N,ES,V,2012-08-10,,KHE,N,1,0
1050168,N,ES,H,2012-08-10,,KHE,N,1,0
1050169,N,ES,H,2012-08-10,,KHE,N,1,0
1050171,N,ES,H,2012-08-10,,KHE,N,1,0
1050172,N,ES,H,2012-08-10,,KHE,N,1,0
1050173,N,ES,H,2012-08-10,,KHE,N,1,0
1050174,N,ES,V,2012-08-10,,KHE,N,1,0
1050175,N,ES,H,2012-08-10,,KHE,N,1,0
1050176,N,ES,H,2012-08-10,,KHE,N,1,0
1050179,N,ES,H,2012-08-10,,KHE,N,1,0
1050182,N,ES,H,2012-08-10,,KHE,N,1,0
1050183,N,ES,H,2012-08-10,,KHE,N,1,0
1050184,N,ES,H,2012-08-10,,KHE,N,1,0
1050185,N,ES,H,2012-08-10,,KHE,N,1,0
1050186,N,ES,H,2012-08-10,,KHE,N,1,0
1050188,N,ES,H,2012-08-10,,KHE,N,1,0
1050189,N,ES,V,2012-08-10,,KHE,N,1,0
1050190,N,ES,H,2012-08-10,,KHE,N,1,0
1050191,N,ES,H,2012-08-10,,KHE,N,1,0
1050192,N,ES,V,2012-08-10,,KHE,N,1,0
1050193,N,ES,V,2012-08-10,,KHE,N,1,0
1050194,N,ES,H,2012-08-10,,KHE,N,1,0
1050195,N,ES,H,2012-08-10,,KHE,N,1,0
1050197,N,ES,H,2012-08-10,,KHE,N,1,0
1050198,N,ES,H,2012-08-10,,KHE,N,1,0
1050199,N,ES,V,2012-08-10,,KHE,N,1,0
1050200,N,ES,V,2012-08-10,,KHE,N,1,0
1050201,N,ES,V,2012-08-10,,KHE,N,1,0
1050202,N,ES,V,2012-08-10,,KHE,N,1,0
1050204,N,ES,H,2012-08-10,,KHE,N,1,0
1050207,N,ES,H,2012-08-10,,KHE,N,1,0
1050208,N,ES,H,2012-08-10,,KHE,N,1,0
1050209,N,ES,H,2012-08-10,,KHE,N,1,0
1050210,N,ES,H,2012-08-10,,KHE,N,1,0
1050211,N,ES,H,2012-08-10,,KHD,N,1,0
1050213,N,ES,V,2012-08-10,,KHE,N,1,0
1050214,N,ES,H,2012-08-10,,KHE,N,1,0
1050215,N,ES,H,2012-08-10,,KHE,N,1,0
1050216,N,ES,H,2012-08-10,,KHE,N,1,0
1050217,N,ES,V,2012-08-10,,KHE,N,1,0
1050218,N,ES,V,2012-08-10,,KHE,N,1,0
1050219,N,ES,V,2012-08-10,,KHE,N,1,0
1050220,N,ES,H,2012-08-10,,KHD,N,1,0
1050222,N,ES,H,2012-08-10,,KHE,N,1,0
1050223,N,ES,V,2012-08-10,,KHE,N,1,0
1050224,N,ES,H,2012-08-10,,KHE,N,1,0
1050225,N,ES,H,2012-08-10,,KHE,N,1,0
1050226,N,ES,H,2012-08-10,,KHE,N,1,0
1050227,N,ES,H,2012-08-10,,KHE,N,1,0
1050228,N,ES,H,2012-08-10,,KHE,N,1,0
1050229,N,ES,H,2012-08-10,,KHE,N,1,0
1050230,N,ES,V,2012-08-10,,KHE,N,1,0
1050231,N,ES,V,2012-08-10,,KHE,N,1,0
1050233,N,ES,V,2012-08-10,,KHE,N,1,0
1050234,N,ES,V,2012-08-10,,KHE,N,1,0
1050235,N,ES,H,2012-08-10,,KHE,N,1,0
1050238,N,ES,H,2012-08-10,,KHE,N,1,0
1050239,N,ES,H,2012-08-10,,KHE,N,1,0
1050240,N,ES,H,2012-08-10,,KHD,N,1,0
1050242,N,ES,H,2012-08-10,,KHE,N,1,0
1050243,N,ES,V,2012-08-10,,KHE,N,1,0
1050244,N,ES,V,2012-08-10,,KHE,N,1,0
1050245,N,ES,V,2012-08-10,,KHE,N,1,0
1050246,N,ES,H,2012-08-10,,KHE,N,1,0
1050247,N,ES,H,2012-08-10,,KHD,N,1,0
1050249,N,ES,V,2012-08-10,,KHE,N,1,0
1050251,N,ES,H,2012-08-10,,KHE,N,1,0
1050252,N,ES,V,2012-08-10,,KHE,N,1,0
1050253,N,ES,V,2012-08-10,,KHE,N,1,0
1050254,N,ES,V,2012-08-10,,KHD,N,1,0
1050257,N,ES,V,2012-08-10,,KHE,N,1,0
1050258,N,ES,V,2012-08-10,,KHE,N,1,0
1050259,N,ES,V,2012-08-10,,KHE,N,1,0
1050261,N,ES,H,2012-08-10,,KHE,N,1,0
1050262,N,ES,H,2012-08-10,,KHE,N,1,0
1050263,N,ES,V,2012-08-10,,KHE,N,1,0
1050264,N,ES,H,2012-08-10,,KHD,N,1,0
1050266,N,ES,H,2012-08-10,,KHE,N,1,0
1050267,N,ES,V,2012-08-10,,KHE,N,1,0
1050268,N,ES,V,2012-08-10,,KHE,N,1,0
1050269,N,ES,H,2012-08-10,,KHE,N,1,0
1050270,N,ES,H,2012-08-10,,KHE,N,1,0
1050271,N,ES,V,2012-08-10,,KHE,N,1,0
1050272,N,ES,H,2012-08-10,,KHE,N,1,0
1050273,N,ES,V,2012-08-10,,KHE,N,1,0
1050274,N,ES,H,2012-08-10,,KHE,N,1,0
1050275,N,ES,V,2012-08-10,,KHD,N,1,0
1050277,N,ES,V,2012-08-10,,KHE,N,1,0
1050278,N,ES,H,2012-08-10,,KHE,N,1,0
1050279,N,ES,H,2012-08-10,,KHE,N,1,0
1050280,N,ES,H,2012-08-10,,KHE,N,1,0
1050284,N,ES,V,2012-08-10,,KHE,N,1,0
1050285,N,ES,V,2012-08-10,,KHE,N,1,0
1050287,N,ES,H,2012-08-10,,KHE,N,1,0
1050288,N,ES,H,2012-08-10,,KHE,N,1,0
1050289,N,ES,V,2012-08-10,,KHE,N,1,0
1050290,N,ES,V,2012-08-10,,KHE,N,1,0
1050291,N,ES,V,2012-08-10,,KHE,N,1,0
1050292,N,ES,H,2012-08-10,,KHE,N,1,0
1050293,N,ES,H,2012-08-10,,KHE,N,1,0
1050294,N,ES,H,2012-08-10,,KHE,N,1,0
1050295,N,ES,V,2012-08-10,,KHE,N,1,0
1050296,N,ES,H,2012-08-10,,KHE,N,1,0
1050298,N,ES,H,2012-08-10,,KHE,N,1,0
1050299,N,ES,H,2012-08-10,,KHD,N,1,0
1050301,N,ES,V,2012-08-10,,KHE,N,1,0
1050302,N,ES,H,2012-08-10,,KHE,N,1,0
1050303,N,ES,H,2012-08-10,,KHE,N,1,0
1050304,N,ES,H,2012-08-10,,KHE,N,1,0
1050305,N,ES,H,2012-08-10,,KHE,N,1,0
1050306,N,ES,H,2012-08-10,,KHE,N,1,0
1050307,N,ES,V,2012-08-10,,KHE,N,1,0
1050308,N,ES,H,2012-08-10,,KFA,N,1,0
1050309,N,ES,H,2012-08-10,,KHE,N,1,0
1050310,N,ES,H,2012-08-10,,KHE,N,1,0
1050311,N,ES,V,2012-08-10,,KHE,N,1,0
1050312,N,ES,H,2012-08-10,,KHD,N,1,0
1050315,N,ES,H,2012-08-10,,KHE,N,1,0
1050316,N,ES,H,2012-08-10,,KHE,N,1,0
1050317,N,ES,V,2012-08-10,,KHE,N,1,0
1050318,N,ES,H,2012-08-10,,KHE,N,1,0
1050319,N,ES,V,2012-08-10,,KHD,N,1,0
1050321,N,ES,V,2012-08-10,,KHE,N,1,0
1050322,N,ES,H,2012-08-10,,KHE,N,1,0
1050324,N,ES,H,2012-08-10,,KHE,N,1,0
1050325,N,ES,H,2012-08-10,,KHE,N,1,0
1050326,N,ES,H,2012-08-10,,KHE,N,1,0
1050327,N,ES,H,2012-08-10,,KFA,N,1,0
1050328,N,ES,H,2012-08-10,,KHD,N,1,0
1050330,N,ES,H,2012-08-10,,KHE,N,1,0
1050332,N,ES,H,2012-08-10,,KHE,N,1,0
1050333,N,ES,V,2012-08-10,,KHE,N,1,0
1050334,N,ES,V,2012-08-10,,KHD,N,1,0
1050336,N,ES,H,2012-08-10,,KHE,N,1,0
1050337,N,ES,H,2012-08-10,,KHE,N,1,0
1050338,N,ES,H,2012-08-10,,KHE,N,1,0
1050340,N,ES,V,2012-08-10,,KHE,N,1,0
1050341,N,ES,H,2012-08-10,,KHE,N,1,0
1050342,N,ES,V,2012-08-10,,KHE,N,1,0
1050343,N,ES,H,2012-08-10,,KHE,N,1,0
1050344,N,ES,H,2012-08-10,,KHE,N,1,0
1050345,N,ES,V,2012-08-10,,KHE,N,1,0
1050346,N,ES,V,2012-08-10,,KHE,N,1,0
1050347,N,ES,V,2012-08-10,,KHE,N,1,0
1050348,N,ES,H,2012-08-10,,KHD,N,1,0
1050350,N,ES,V,2012-08-10,,KHE,N,1,0
1050351,N,ES,H,2012-08-10,,KHE,N,1,0
1050352,N,ES,H,2012-08-10,,KHD,N,1,0
1050355,N,ES,V,2012-08-10,,KHE,N,1,0
1050356,N,ES,H,2012-08-10,,KHE,N,1,0
1050357,N,ES,H,2012-08-10,,KHE,N,1,0
1050358,N,ES,V,2012-08-10,,KHE,N,1,0
1050359,N,ES,H,2012-08-10,,KHE,N,1,0
1050360,N,ES,H,2012-08-10,,KFA,N,1,0
1050362,N,ES,H,2012-08-10,,KHE,N,1,0
1050363,N,ES,V,2012-08-10,,KHE,N,1,0
1050364,N,ES,V,2012-08-10,,KHE,N,1,0
1050365,N,ES,H,2012-08-10,,KHE,N,1,0
1050366,N,ES,H,2012-08-10,,KHE,N,1,0
1050367,N,ES,V,2012-08-10,,KHE,N,1,0
1050368,N,ES,V,2012-08-10,,KHD,N,1,0
1050370,N,ES,H,2012-08-10,,KHD,N,1,0
1050372,N,ES,V,2012-08-10,,KHE,N,1,0
1050373,N,ES,V,2012-08-10,,KHE,N,1,0
1050374,N,ES,H,2012-08-10,,KHE,N,1,0
1050375,N,ES,H,2012-08-10,,KHE,N,1,0
1050376,N,ES,H,2012-08-10,,KHE,N,1,0
1050377,N,ES,V,2012-08-10,,KHE,N,1,0
1050378,N,ES,H,2012-08-10,,KHE,N,1,0
1050379,N,ES,H,2012-08-10,,KHE,N,1,0
1050380,N,ES,V,2012-08-10,,KHE,N,1,0
1050381,N,ES,V,2012-08-10,,KHE,N,1,0
1050383,N,ES,H,2012-08-10,,KHE,N,1,0
1050384,N,ES,H,2012-08-10,,KHE,N,1,0
1050385,N,ES,H,2012-08-10,,KHE,N,1,0
1050386,N,ES,H,2012-08-10,,KHE,N,1,0
1050387,N,ES,H,2012-08-10,,KHE,N,1,0
1050388,N,ES,V,2012-08-10,,KHE,N,1,0
1050389,N,ES,V,2012-08-10,,KHE,N,1,0
1050390,N,ES,H,2012-08-10,,KHE,N,1,0
1050391,N,ES,H,2012-08-10,,KHE,N,1,0
1050392,N,ES,H,2012-08-10,,KHD,N,1,0
1050394,N,ES,H,2012-08-10,,KHD,N,1,0
1050396,N,ES,V,2012-08-10,,KHE,N,1,0
1050397,N,ES,V,2012-08-10,,KHE,N,1,0
1050398,N,ES,H,2012-08-10,,KHD,N,1,0
1050400,N,ES,H,2012-08-10,,KHE,N,1,0
1050401,N,ES,H,2012-08-10,,KHE,N,1,0
1050403,N,ES,H,2012-08-10,,KHE,N,1,0
1050404,N,ES,H,2012-08-10,,KHE,N,1,0
1050405,N,ES,V,2012-08-10,,KHE,N,1,0
1050406,N,ES,V,2012-08-10,,KHE,N,1,0
1050407,N,ES,V,2012-08-10,,KHE,N,1,0
1050408,N,ES,V,2012-08-10,,KHE,N,1,0
1050409,N,ES,V,2012-08-10,,KHE,N,1,0
1050411,N,ES,H,2012-08-10,,KHE,N,1,0
1050412,N,ES,V,2012-08-10,,KHE,N,1,0
1050413,N,ES,H,2012-08-10,,KHE,N,1,0
1050414,N,ES,H,2012-08-10,,KHE,N,1,0
1050415,N,ES,H,2012-08-10,,KHE,N,1,0
1050416,N,ES,V,2012-08-10,,KHE,N,1,0
1050417,N,ES,V,2012-08-10,,KHE,N,1,0
1050418,N,ES,H,2012-08-10,,KHE,N,1,0
1050419,N,ES,V,2012-08-10,,KHE,N,1,0
1050420,N,ES,H,2012-08-10,,KHE,N,1,0
1050421,N,ES,V,2012-08-10,,KHE,N,1,0
1050422,N,ES,H,2012-08-10,,KHE,N,1,0
1050423,N,ES,H,2012-08-10,,KHE,N,1,0
1050424,N,ES,V,2012-08-10,,KHE,N,1,0
1050425,N,ES,V,2012-08-10,,KHE,N,1,0
1050426,N,ES,H,2012-08-10,,KHE,N,1,0
1050428,N,ES,H,2012-08-10,,KHE,N,1,0
1050430,N,ES,V,2012-08-10,,KHE,N,1,0
1050431,N,ES,H,2012-08-10,,KHE,N,1,0
1050432,N,ES,H,2012-08-10,,KHE,N,1,0
1050433,N,ES,H,2012-08-10,,KHD,N,1,0
1050435,N,ES,H,2012-08-10,,KHE,N,1,0
1050436,N,ES,H,2012-08-10,,KHE,N,1,0
1050437,N,ES,H,2012-08-10,,KHE,N,1,0
1050438,N,ES,V,2012-08-10,,KHE,N,1,0
1050439,N,ES,H,2012-08-10,,KHE,N,1,0
1050441,N,ES,V,2012-08-10,,KHE,N,1,0
1050443,N,ES,V,2012-08-10,,KHE,N,1,0
1050444,N,ES,V,2012-08-10,,KHE,N,1,0
1050445,N,ES,H,2012-08-10,,KHE,N,1,0
1050446,N,ES,V,2012-08-10,,KHE,N,1,0
1050447,N,ES,H,2012-08-10,,KHE,N,1,0
1050449,N,ES,H,2012-08-10,,KHE,N,1,0
1050450,N,ES,H,2012-08-10,,KHE,N,1,0
1050451,N,ES,V,2012-08-10,,KHE,N,1,0
1050452,N,ES,V,2012-08-10,,KHE,N,1,0
1050453,N,ES,V,2012-08-10,,KHE,N,1,0
1050454,N,ES,H,2012-08-10,,KHE,N,1,0
1050455,N,ES,H,2012-08-10,,KAT,N,1,0
1050457,N,ES,H,2012-08-10,,KHE,N,1,0
1050458,N,ES,V,2012-08-10,,KHE,N,1,0
1050459,N,ES,H,2012-08-10,,KHE,N,1,0
1050460,N,ES,V,2012-08-10,,KHE,N,1,0
1050461,N,ES,V,2012-08-10,,KHE,N,1,0
1050462,N,ES,H,2012-08-10,,KHE,N,1,0
1050463,N,ES,H,2012-08-10,,KHE,N,1,0
1050464,N,ES,H,2012-08-10,,KHE,N,1,0
1050465,N,ES,H,2012-08-10,,KHE,N,1,0
1050466,N,ES,H,2012-08-10,,KHE,N,1,0
1050467,N,ES,H,2012-08-10,,KHE,N,1,0
1050468,N,ES,H,2012-08-10,,KHE,N,1,0
1050469,N,ES,V,2012-08-10,,KHE,N,1,0
1050470,N,ES,H,2012-08-10,,KHE,N,1,0
1050473,N,ES,H,2012-08-10,,KHE,N,1,0
1050474,N,ES,V,2012-08-10,,KHE,N,1,0
1050475,N,ES,V,2012-08-10,,KHE,N,1,0
1050476,N,ES,V,2012-08-10,,KHE,N,1,0
1050477,N,ES,V,2012-08-10,,KHE,N,1,0
1050478,N,ES,H,2012-08-10,,KHE,N,1,0
1050481,N,ES,H,2012-08-10,,KHE,N,1,0
1050482,N,ES,V,2012-08-10,,KHE,N,1,0
1050485,N,ES,H,2012-08-10,,KHE,N,1,0
1050486,N,ES,V,2012-08-10,,KHE,N,1,0
1050487,N,ES,H,2012-08-10,,KHE,N,1,0
1050488,N,ES,V,2012-08-10,,KHE,N,1,0
1050489,N,ES,H,2012-08-10,,KHE,N,1,0
1050490,N,ES,V,2012-08-10,,KHE,N,1,0
1050491,N,ES,V,2012-08-10,,KHE,N,1,0
1050492,N,ES,V,2012-08-10,,KHE,N,1,0
1050493,N,ES,H,2012-08-10,,KHE,N,1,0
1050494,N,ES,V,2012-08-10,,KHE,N,1,0
1050495,N,ES,H,2012-08-10,,KHE,N,1,0
1050496,N,ES,V,2012-08-10,,KHE,N,1,0
1050497,N,ES,H,2012-08-10,,KHE,N,1,0
1050498,N,ES,V,2012-08-10,,KHE,N,1,0
1050499,N,ES,H,2012-08-10,,KHE,N,1,0
1050500,N,ES,V,2012-08-10,,KHE,N,1,0
1050501,N,ES,V,2012-08-10,,KHE,N,1,0
1050502,N,ES,H,2012-08-10,,KHE,N,1,0
1050503,N,ES,V,2012-08-10,,KHE,N,1,0
1050504,N,ES,V,2012-08-10,,KHE,N,1,0
1050505,N,ES,V,2012-08-10,,KHE,N,1,0
1050507,N,ES,V,2012-08-10,,KHE,N,1,0
1050508,N,ES,H,2012-08-10,,KHE,N,1,0
1050509,N,ES,H,2012-08-10,,KHE,N,1,0
1050511,N,ES,H,2012-08-10,,KHE,N,1,0
1050512,N,ES,H,2012-08-10,,KHE,N,1,0
1050513,N,ES,V,2012-08-10,,KHE,N,1,0
1050514,N,ES,H,2012-08-10,,KHE,N,1,0
1050515,N,ES,H,2012-08-10,,KHE,N,1,0
1050516,N,ES,H,2012-08-10,,KHE,N,1,0
1050517,N,ES,V,2012-08-10,,KHE,N,1,0
1050520,N,ES,V,2012-08-10,,KHE,N,1,0
1050521,N,ES,H,2012-08-10,,KHE,N,1,0
1050522,N,ES,V,2012-08-10,,KHE,N,1,0
1050523,N,ES,H,2012-08-10,,KHE,N,1,0
1050524,N,ES,V,2012-08-10,,KHE,N,1,0
1050525,N,ES,H,2012-08-10,,KHE,N,1,0
1050526,N,ES,V,2012-08-10,,KHE,N,1,0
1050527,N,ES,H,2012-08-10,,KHE,N,1,0
1050529,N,ES,H,2012-08-10,,KHE,N,1,0
1050530,N,ES,V,2012-08-10,,KHE,N,1,0
1050531,N,ES,H,2012-08-10,,KHE,N,1,0
1050532,N,ES,V,2012-08-10,,KHE,N,1,0
1050533,N,ES,H,2012-08-10,,KHE,N,1,0
1050534,N,ES,V,2012-08-10,,KHE,N,1,0
1050535,N,ES,H,2012-08-10,,KHE,N,1,0
1050536,N,ES,V,2012-08-10,,KHE,N,1,0
1050537,N,ES,H,2012-08-10,,KHE,N,1,0
1050540,N,ES,H,2012-08-10,,KHE,N,1,0
1050541,N,ES,V,2012-08-10,,KHE,N,1,0
1050542,N,ES,V,2012-08-10,,KHE,N,1,0
1050543,N,ES,H,2012-08-10,,KHE,N,1,0
1050544,N,ES,H,2012-08-10,,KHE,N,1,0
1050547,N,ES,H,2012-08-10,,KHE,N,1,0
1050548,N,ES,V,2012-08-10,,KHE,N,1,0
1050549,N,ES,V,2012-08-10,,KHE,N,1,0
1050550,N,ES,H,2012-08-10,,KHE,N,1,0
1050551,N,ES,H,2012-08-10,,KHE,N,1,0
1050552,N,ES,V,2012-08-10,,KHE,N,1,0
1050553,N,ES,H,2012-08-10,,KHE,N,1,0
1050556,N,ES,H,2012-08-10,,KHE,N,1,0
1050557,N,ES,H,2012-08-10,,KHE,N,1,0
1050560,N,ES,H,2012-08-10,,KHE,N,1,0
1050561,N,ES,H,2012-08-10,,KHE,N,1,0
1050562,N,ES,V,2012-08-10,,KHE,N,1,0
1050565,N,ES,H,2012-08-10,,KHE,N,1,0
1050567,N,ES,V,2012-08-10,,KHE,N,1,0
1050568,N,ES,H,2012-08-10,,KHE,N,1,0
1050569,N,ES,V,2012-08-10,,KHE,N,1,0
1050570,N,ES,H,2012-08-10,,KHE,N,1,0
1050571,N,ES,H,2012-08-10,,KHE,N,1,0
1050573,N,ES,V,2012-08-10,,KHE,N,1,0
1050574,N,ES,H,2012-08-10,,KHE,N,1,0
1050575,N,ES,V,2012-08-10,,KHE,N,1,0
1050577,N,ES,H,2012-08-10,,KHE,N,1,0
1050578,N,ES,V,2012-08-10,,KHE,N,1,0
1050579,N,ES,H,2012-08-10,,KHD,N,1,0
1050580,N,ES,H,2012-08-10,,KHE,N,1,0
1050582,N,ES,V,2012-08-10,,KHE,N,1,0
1050586,N,ES,V,2012-08-10,,KHE,N,1,0
1050588,N,ES,H,2012-08-10,,KHE,N,1,0
1050589,N,ES,V,2012-08-10,,KHE,N,1,0
1050591,N,ES,H,2012-08-10,,KHE,N,1,0
1050592,N,ES,H,2012-08-10,,KHD,N,1,0
1050595,N,ES,V,2012-08-10,,KHE,N,1,0
1050596,N,ES,H,2012-08-10,,KHE,N,1,0
1050597,N,ES,H,2012-08-10,,KHE,N,1,0
1050598,N,ES,H,2012-08-10,,KHE,N,1,0
1050599,N,ES,V,2012-08-10,,KHE,N,1,0
1050601,N,ES,V,2012-08-10,,KHE,N,1,0
1050602,N,ES,V,2012-08-10,,KHE,N,1,0
1050603,N,ES,H,2012-08-10,,KHE,N,1,0
1050604,N,ES,H,2012-08-10,,KHE,N,1,0
1050605,N,ES,V,2012-08-10,,KHE,N,1,0
1050607,N,ES,V,2012-08-10,,KHE,N,1,0
1050609,N,ES,H,2012-08-10,,KFA,N,1,0
1050610,N,ES,V,2012-08-10,,KHE,N,1,0
1050611,N,ES,V,2012-08-10,,KHE,N,1,0
1050612,N,ES,V,2012-08-10,,KHE,N,1,0
1050613,N,ES,H,2012-08-10,,KHD,N,1,0
1050614,N,ES,V,2012-08-10,,KHE,N,1,0
1050615,N,ES,H,2012-08-10,,KHE,N,1,0
1050616,N,ES,H,2012-08-10,,KHE,N,1,0
1050617,N,ES,H,2012-08-10,,KHE,N,1,0
1050619,N,ES,H,2012-08-10,,KHE,N,1,0
1050620,N,ES,H,2012-08-10,,KHE,N,1,0
1050621,N,ES,V,2012-08-10,,KHE,N,1,0
1050622,N,ES,H,2012-08-10,,KHE,N,1,0
1050623,N,ES,H,2012-08-10,,KHE,N,1,0
1050624,N,ES,H,2012-08-10,,KHE,N,1,0
1050625,N,ES,V,2012-08-10,,KHE,N,1,0
1050626,N,ES,V,2012-08-10,,KHE,N,1,0
1050627,N,ES,H,2012-08-10,,KHE,N,1,0
1050628,N,ES,V,2012-08-10,,KHE,N,1,0
1050629,N,ES,V,2012-08-10,,KHE,N,1,0
1050630,N,ES,V,2012-08-10,,KHD,N,1,0
1050632,N,ES,H,2012-08-10,,KHE,N,1,0
1050633,N,ES,V,2012-08-10,,KHE,N,1,0
1050634,N,ES,H,2012-08-10,,KHE,N,1,0
1050635,N,ES,V,2012-08-10,,KHE,N,1,0
1050636,N,ES,H,2012-08-10,,KHE,N,1,0
1050639,N,ES,V,2012-08-10,,KHE,N,1,0
1050641,N,ES,V,2012-08-10,,KFC,N,1,0
1050642,N,ES,V,2012-08-10,,KFC,N,1,0
1050647,N,ES,H,2012-08-10,,KAT,N,1,0
1050648,N,ES,V,2012-08-10,,KAT,N,1,0
1050651,N,ES,H,2012-08-10,,KFC,N,1,0
1050652,N,ES,H,2012-08-10,,KFC,N,1,0
1050655,N,ES,H,2012-08-10,,KFC,N,1,0
1050658,N,ES,H,2012-08-10,,KAT,N,1,0
1050659,N,ES,V,2012-08-10,,KFC,N,1,0
1050660,N,ES,H,2012-08-10,,KFC,N,1,0
1050661,N,ES,V,2012-08-10,,KFC,N,1,0
1050662,N,ES,V,2012-08-10,,KAT,N,1,0
1050663,N,ES,H,2012-08-10,,KFC,N,1,0
1050669,N,ES,V,2012-08-10,,KFC,N,1,0
1050670,N,ES,V,2012-08-10,,KFC,N,1,0
1050676,N,ES,V,2012-08-10,,KFC,N,1,0
1050679,N,ES,V,2012-08-10,,KFC,N,1,0
1050680,N,ES,V,2012-08-10,,KFC,N,1,0
1050686,N,ES,V,2012-08-10,,KFC,N,1,0
1050688,N,ES,V,2012-08-10,,KFC,N,1,0
1050693,N,ES,V,2012-08-10,,KFC,N,1,0
1050694,N,ES,V,2012-08-10,,KFC,N,1,0
1050697,N,ES,H,2012-08-10,,KFC,N,1,0
1050703,N,ES,V,2012-08-10,,KHE,N,1,0
1050704,N,ES,V,2012-08-10,,KHE,N,1,0
1050706,N,ES,H,2012-08-10,,KHE,N,1,0
1050707,N,ES,V,2012-08-10,,KHE,N,1,0
1050710,N,ES,H,2012-08-10,,KHE,N,1,0
1050711,N,ES,V,2012-08-10,,KHE,N,1,0
1050713,N,ES,V,2012-08-10,,KHE,N,1,0
1050715,N,ES,V,2012-08-10,,KHD,N,1,0
1050717,N,ES,V,2012-08-10,,KHE,N,1,0
1050718,N,ES,H,2012-08-10,,KHE,N,1,0
1050720,N,ES,H,2012-08-10,,KHE,N,1,0
1050722,N,ES,H,2012-08-10,,KHE,N,1,0
1050725,N,ES,H,2012-08-10,,KHE,N,1,0
1050727,N,ES,H,2012-08-10,,KHE,N,1,0
1050728,N,ES,H,2012-08-10,,KHE,N,1,0
1050732,N,ES,H,2012-08-10,,KHE,N,1,0
1050734,N,ES,V,2012-08-10,,KHE,N,1,0
1050735,N,ES,H,2012-08-10,,KHE,N,1,0
1050736,N,ES,H,2012-08-10,,KHE,N,1,0
1050738,N,ES,H,2012-08-10,,KHE,N,1,0
1050739,N,ES,H,2012-08-10,,KHE,N,1,0
1050740,N,ES,V,2012-08-10,,KHE,N,1,0
1050741,,,,,,,,1,0
1050742,N,ES,V,2012-08-10,,KHE,N,1,0
1050743,N,ES,H,2012-08-10,,KHE,N,1,0
1050744,N,ES,H,2012-08-10,,KHE,N,1,0
1050746,N,ES,H,2012-08-10,,KHE,N,1,0
1050747,N,ES,H,2012-08-10,,KHE,N,1,0
1050748,N,ES,V,2012-08-10,,KHE,N,1,0
1050749,N,ES,H,2012-08-10,,KHE,N,1,0
1050750,N,ES,H,2012-08-10,,KHE,N,1,0
1050751,N,ES,H,2012-08-10,,KHE,N,1,0
1050752,N,ES,V,2012-08-10,,KHE,N,1,0
1050753,N,ES,V,2012-08-10,,KHE,N,1,0
1050754,N,ES,H,2012-08-10,,KHE,N,1,0
1050755,N,ES,V,2012-08-10,,KHE,N,1,0
1050756,N,ES,H,2012-08-10,,KHE,N,1,0
1050757,N,ES,V,2012-08-10,,KHE,N,1,0
1050758,N,ES,V,2012-08-10,,KHE,N,1,0
1050759,N,ES,H,2012-08-10,,KHE,N,1,0
1050760,N,ES,V,2012-08-10,,KHE,N,1,0
1050762,N,ES,H,2012-08-10,,KHE,N,1,0
1050764,N,ES,H,2012-08-10,,KHE,N,1,0
1050766,N,ES,V,2012-08-10,,KHE,N,1,0
1050768,N,ES,H,2012-08-10,,KHE,N,1,0
1050769,N,ES,H,2012-08-10,,KHE,N,1,0
1050771,N,ES,V,2012-08-10,,KHE,N,1,0
1050773,N,ES,V,2012-08-10,,KHE,N,1,0
1050774,N,ES,H,2012-08-10,,KHE,N,1,0
1050775,N,ES,H,2012-08-10,,KHE,N,1,0
1050778,N,ES,V,2012-08-10,,KHE,N,1,0
1050779,N,ES,H,2012-08-10,,KHE,N,1,0
1050781,N,ES,H,2012-08-10,,KHE,N,1,0
1050784,N,ES,V,2012-08-10,,KHE,N,1,0
1050786,N,ES,H,2012-08-10,,KHE,N,1,0
1050787,N,ES,V,2012-08-10,,KHE,N,1,0
1050788,N,ES,H,2012-08-10,,KHE,N,1,0
1050790,N,ES,V,2012-08-10,,KHE,N,1,0
1050791,N,ES,V,2012-08-10,,KHE,N,1,0
1050793,N,ES,H,2012-08-10,,KHE,N,1,0
1050794,N,ES,V,2012-08-10,,KHE,N,1,0
1050796,N,ES,H,2012-08-10,,KHE,N,1,0
1050797,N,ES,V,2012-08-10,,KHE,N,1,0
1050798,N,ES,H,2012-08-10,,KHE,N,1,0
1050800,N,ES,H,2012-08-10,,KHE,N,1,0
1050803,N,ES,H,2012-08-10,,KHE,N,1,0
1050804,N,ES,V,2012-08-10,,KHE,N,1,0
1050806,N,ES,H,2012-08-10,,KHE,N,1,0
1050810,N,ES,V,2012-08-10,,KHE,N,1,0
1050811,N,ES,H,2012-08-10,,KHE,N,1,0
1050813,N,ES,H,2012-08-10,,KHE,N,1,0
1050815,N,ES,V,2012-08-10,,KHE,N,1,0
1050817,N,ES,V,2012-08-10,,KHE,N,1,0
1050819,N,ES,H,2012-08-10,,KHE,N,1,0
1050820,N,ES,V,2012-08-10,,KHE,N,1,0
1050822,N,ES,V,2012-08-10,,KHE,N,1,0
1050824,N,ES,H,2012-08-10,,KHE,N,1,0
1050825,N,ES,V,2012-08-10,,KHE,N,1,0
1050829,N,ES,V,2012-08-10,,KHE,N,1,0
1050830,N,ES,V,2012-08-10,,KHE,N,1,0
1050832,N,ES,V,2012-08-10,,KHE,N,1,0
1050833,N,ES,V,2012-08-10,,KHE,N,1,0
1050834,N,ES,V,2012-08-10,,KHE,N,1,0
1050836,N,ES,V,2012-08-10,,KHE,N,1,0
1050837,N,ES,H,2012-08-10,,KHE,N,1,0
1050838,N,ES,H,2012-08-10,,KHE,N,1,0
1050841,N,ES,V,2012-08-10,,KHE,N,1,0
1050844,N,ES,H,2012-08-10,,KHE,N,1,0
1050846,N,ES,V,2012-08-10,,KHE,N,1,0
1050847,N,ES,V,2012-08-10,,KHE,N,1,0
1050848,N,ES,H,2012-08-10,,KHE,N,1,0
1050851,N,ES,V,2012-08-10,,KHE,N,1,0
1050852,N,ES,V,2012-08-10,,KHE,N,1,0
1050854,N,ES,V,2012-08-10,,KHE,N,1,0
1050855,N,ES,V,2012-08-10,,KHE,N,1,0
1050857,N,ES,V,2012-08-10,,KHE,N,1,0
1050859,N,ES,H,2012-08-10,,KHE,N,1,0
1050861,N,ES,H,2012-08-10,,KHE,N,1,0
1050862,N,ES,H,2012-08-10,,KHE,N,1,0
1050864,N,ES,V,2012-08-10,,KHE,N,1,0
1050865,N,ES,V,2012-08-10,,KHE,N,1,0
1050867,N,ES,V,2012-08-10,,KHE,N,1,0
1050869,N,ES,V,2012-08-10,,KHE,N,1,0
1050871,N,ES,H,2012-08-10,,KHE,N,1,0
1050872,N,ES,V,2012-08-10,,KHE,N,1,0
1050873,N,ES,H,2012-08-10,,KHE,N,1,0
1050874,N,ES,H,2012-08-10,,KHE,N,1,0
1050875,N,ES,V,2012-08-10,,KHE,N,1,0
1050878,N,ES,V,2012-08-10,,KHE,N,1,0
1050879,N,ES,H,2012-08-10,,KHE,N,1,0
1050884,N,ES,V,2012-08-10,,KHE,N,1,0
1050885,N,ES,H,2012-08-10,,KHE,N,1,0
1050887,N,ES,H,2012-08-10,,KHE,N,1,0
1050888,N,ES,V,2012-08-10,,KHE,N,1,0
1050890,N,ES,H,2012-08-10,,KHE,N,1,0
1050891,N,ES,H,2012-08-10,,KHE,N,1,0
1050893,N,ES,H,2012-08-10,,KHE,N,1,0
1050894,N,ES,H,2012-08-10,,KHE,N,1,0
1050896,N,ES,H,2012-08-10,,KHE,N,1,0
1050897,N,ES,V,2012-08-10,,KHE,N,1,0
1050898,N,ES,H,2012-08-10,,KHE,N,1,0
1050901,N,ES,H,2012-08-10,,KHE,N,1,0
1050902,N,ES,H,2012-08-10,,KHE,N,1,0
1050905,N,ES,V,2012-08-10,,KHE,N,1,0
1050906,N,ES,V,2012-08-10,,KHE,N,1,0
1050907,N,ES,H,2012-08-10,,KHE,N,1,0
1050908,N,ES,H,2012-08-10,,KHE,N,1,0
1050909,N,ES,V,2012-08-10,,KHE,N,1,0
1050910,N,ES,V,2012-08-10,,KHE,N,1,0
1050911,N,ES,H,2012-08-10,,KHE,N,1,0
1050912,N,ES,V,2012-08-10,,KHE,N,1,0
1050913,N,ES,H,2012-08-10,,KHE,N,1,0
1050914,N,ES,H,2012-08-10,,KHE,N,1,0
1050915,N,ES,H,2012-08-10,,KHE,N,1,0
1050916,N,ES,H,2012-08-10,,KHE,N,1,0
1050917,N,ES,H,2012-08-10,,KHE,N,1,0
1050919,N,ES,H,2012-08-10,,KHE,N,1,0
1050920,N,ES,H,2012-08-10,,KHE,N,1,0
1050921,N,ES,H,2012-08-10,,KHE,N,1,0
1050922,N,ES,H,2012-08-10,,KHE,N,1,0
1050924,N,ES,V,2012-08-10,,KHE,N,1,0
1050925,N,ES,H,2012-08-10,,KHE,N,1,0
1050926,N,ES,H,2012-08-10,,KHE,N,1,0
1050927,N,ES,H,2012-08-10,,KHE,N,1,0
1050930,N,ES,H,2012-08-10,,KHE,N,1,0
1050931,N,ES,H,2012-08-10,,KHE,N,1,0
1050932,N,ES,V,2012-08-10,,KHE,N,1,0
1050933,N,ES,H,2012-08-10,,KHE,N,1,0
1050934,N,ES,H,2012-08-10,,KHE,N,1,0
1050935,N,ES,V,2012-08-10,,KHE,N,1,0
1050936,N,ES,V,2012-08-10,,KHE,N,1,0
1050937,N,ES,V,2012-08-10,,KHE,N,1,0
1050938,N,ES,V,2012-08-10,,KHE,N,1,0
1050939,N,ES,H,2012-08-10,,KHE,N,1,0
1050940,N,ES,H,2012-08-10,,KHE,N,1,0
1050941,N,ES,H,2012-08-10,,KHE,N,1,0
1050943,N,ES,H,2012-08-10,,KHE,N,1,0
1050944,N,ES,V,2012-08-10,,KHE,N,1,0
1050946,N,ES,H,2012-08-10,,KHE,N,1,0
1050947,N,ES,V,2012-08-10,,KHE,N,1,0
1050948,N,ES,H,2012-08-10,,KHE,N,1,0
1050951,N,ES,H,2012-08-10,,KHE,N,1,0
1050976,N,ES,V,2012-08-13,,KAT,N,1,0
1050977,N,ES,V,2012-08-13,,KHE,N,1,0
1050978,N,ES,V,2012-08-13,,KHD,N,1,0
1050980,N,ES,V,2012-08-13,,KHD,N,1,0
1050982,N,ES,H,2012-08-13,,KHD,N,1,0
1050986,N,ES,H,2012-08-13,,KHD,N,1,0
1050988,N,ES,V,2012-08-13,,KHD,N,1,0
1050992,N,ES,H,2012-08-13,,KHD,N,1,0
1051111,N,ES,V,2012-08-13,,KHE,N,1,0
1051113,N,ES,H,2012-08-13,,KHE,N,1,0
1051118,N,ES,V,2012-08-13,,KHE,N,1,0
1051120,N,ES,V,2012-08-13,,KHE,N,1,0
1051121,N,ES,V,2012-08-13,,KHD,N,1,0
1051126,N,ES,H,2012-08-13,,KHD,N,1,0
1051129,N,ES,V,2012-08-13,,KAT,N,1,0
1051132,N,ES,V,2012-08-13,,KHD,N,1,0
1051134,N,ES,H,2012-08-13,,KHD,N,1,0
1051136,N,ES,V,2012-08-13,,KHD,N,1,0
1051138,N,ES,H,2012-08-13,,KHD,N,1,0
1051140,N,ES,V,2012-08-13,,KFA,N,1,0
1051145,N,ES,H,2012-08-13,,RED,N,1,0
1051147,N,ES,V,2012-08-13,,KHD,N,1,0
1051149,N,ES,V,2012-08-13,,KHD,N,1,0
1051150,N,ES,V,2012-08-13,,KHD,N,1,0
1051152,N,ES,V,2012-08-13,,KAT,N,1,0
1051158,N,ES,V,2012-08-13,,KHE,N,1,0
1051162,N,ES,H,2012-08-13,,KHD,N,1,0
1051165,N,ES,H,2012-08-13,,KHD,N,1,0
1051169,N,ES,H,2012-08-13,,KHE,N,1,0
1051172,N,ES,H,2012-08-13,,KHD,N,1,0
1051174,N,ES,V,2012-08-13,,KHE,N,1,0
1051177,N,ES,V,2012-08-13,,KHE,N,1,0
1051178,N,ES,V,2012-08-13,,KHD,N,1,0
1051180,N,ES,H,2012-08-13,,KHE,N,1,0
1051181,N,ES,V,2012-08-13,,KHD,N,1,0
1051183,N,ES,V,2012-08-13,,KHE,N,1,0
1051184,N,ES,V,2012-08-13,,KHD,N,1,0
1051186,N,ES,H,2012-08-13,,KAT,N,1,0
1051187,N,ES,V,2012-08-13,,KHD,N,1,0
1051189,N,ES,H,2012-08-13,,KHD,N,1,0
1051191,N,ES,H,2012-08-13,,KHD,N,1,0
1051194,N,ES,H,2012-08-13,,KHD,N,1,0
1051196,N,ES,H,2012-08-13,,KHD,N,1,0
1051198,N,ES,H,2012-08-13,,KHD,N,1,0
1051199,N,ES,H,2012-08-13,,KHD,N,1,0
1051201,N,ES,H,2012-08-13,,KHD,N,1,0
1051203,N,ES,V,2012-08-13,,KHD,N,1,0
1051205,N,ES,V,2012-08-13,,KHD,N,1,0
1051209,N,ES,H,2012-08-13,,KHD,N,1,0
1051212,N,ES,V,2012-08-13,,KHD,N,1,0
1051214,N,ES,V,2012-08-13,,KHD,N,1,0
1051216,N,ES,H,2012-08-13,,KHE,N,1,0
1051217,N,ES,H,2012-08-13,,KHD,N,1,0
1051219,N,ES,H,2012-08-13,,KHD,N,1,0
1051224,N,ES,V,2012-08-13,,KHD,N,1,0
1051226,N,ES,V,2012-08-13,,KHD,N,1,0
1051228,N,ES,H,2012-08-13,,KHD,N,1,0
1051230,N,ES,V,2012-08-13,,KHD,N,1,0
1051232,N,ES,V,2012-08-13,,KHD,N,1,0
1051234,N,ES,V,2012-08-13,,KHD,N,1,0
1051236,N,ES,H,2012-08-13,,KHD,N,1,0
1051239,N,ES,V,2012-08-13,,KHD,N,1,0
1051240,N,ES,V,2012-08-13,,KHD,N,1,0
1051243,N,ES,V,2012-08-13,,KHD,N,1,0
1051245,N,ES,H,2012-08-13,,KHD,N,1,0
1051247,N,ES,H,2012-08-13,,KHD,N,1,0
1051252,N,ES,H,2012-08-13,,KHD,N,1,0
1051254,N,ES,H,2012-08-13,,KHD,N,1,0
1051258,N,ES,H,2012-08-13,,KFC,N,1,0
1051263,N,ES,V,2012-08-13,,KFC,N,1,0
1051264,N,ES,H,2012-08-13,,KFC,N,1,0
1051268,N,ES,V,2012-08-13,,KFC,N,1,0
1051269,N,ES,V,2012-08-13,,KAT,N,1,0
1051271,N,ES,H,2012-08-13,,KFC,N,1,0
1051273,N,ES,V,2012-08-13,,KFC,N,1,0
1051274,N,ES,H,2012-08-13,,KFC,N,1,0
1051275,N,ES,H,2012-08-13,,KFC,N,1,0
1051276,N,ES,V,2012-08-13,,KFC,N,1,0
1051277,N,ES,V,2012-08-13,,KFC,N,1,0
1051278,N,ES,H,2012-08-13,,KFC,N,1,0
1051279,N,ES,V,2012-08-13,,KFC,N,1,0
1051281,N,ES,V,2012-08-13,,KFC,N,1,0
1051282,N,ES,V,2012-08-13,,KFC,N,1,0
1051283,N,ES,H,2012-08-13,,KFC,N,1,0
1051658,N,ES,H,2012-08-14,,KHD,N,1,0
1051660,N,ES,H,2012-08-14,,KHD,N,1,0
1051664,N,ES,V,2012-08-14,,KAZ,N,1,0
1051665,N,ES,V,2012-08-14,,KHD,N,1,0
1051667,N,ES,V,2012-08-14,,KHE,N,1,0
1051670,N,ES,H,2012-08-14,,KHD,N,1,0
1051672,N,ES,V,2012-08-14,,KHD,N,1,0
1051674,N,ES,H,2012-08-14,,KHD,N,1,0
1051676,N,ES,V,2012-08-14,,KHD,N,1,0
1051677,N,ES,V,2012-08-14,,KHD,N,1,0
1051679,N,ES,H,2012-08-14,,KHD,N,1,0
1051682,N,ES,V,2012-08-14,,KHD,N,1,0
1051684,N,ES,V,2012-08-14,,KHD,N,1,0
1051686,N,ES,H,2012-08-14,,KHD,N,1,0
1051688,N,ES,V,2012-08-14,,KHD,N,1,0
1051690,N,ES,H,2012-08-14,,KHD,N,1,0
1051691,N,ES,V,2012-08-14,,KHD,N,1,0
1051692,N,ES,H,2012-08-14,,KHD,N,1,0
1051693,N,ES,H,2012-08-14,,KHD,N,1,0
1051695,N,ES,H,2012-08-14,,KHD,N,1,0
1051696,N,ES,V,2012-08-14,,KHD,N,1,0
1051697,N,ES,H,2012-08-14,,KHD,N,1,0
1051699,N,ES,H,2012-08-14,,KHD,N,1,0
1051701,N,ES,H,2012-08-14,,KHD,N,1,0
1051703,N,ES,H,2012-08-14,,KHD,N,1,0
1051705,N,ES,H,2012-08-14,,KHD,N,1,0
1051707,N,ES,H,2012-08-14,,KHD,N,1,0
1051711,N,ES,H,2012-08-14,,KHD,N,1,0
1051712,N,ES,V,2012-08-14,,KHD,N,1,0
1051716,N,ES,V,2012-08-14,,KHD,N,1,0
1051718,N,ES,H,2012-08-14,,KHD,N,1,0
1051719,N,ES,V,2012-08-14,,KHD,N,1,0
1051721,N,ES,H,2012-08-14,,KHD,N,1,0
1051725,N,ES,V,2012-08-14,,KFA,N,1,0
1051726,N,ES,H,2012-08-14,,KHD,N,1,0
1051727,N,ES,H,2012-08-14,,KHD,N,1,0
1051729,N,ES,H,2012-08-14,,KHD,N,1,0
1051737,N,ES,V,2012-08-14,,KHD,N,1,0
1051738,N,ES,H,2012-08-14,,KHD,N,1,0
1051742,N,ES,V,2012-08-14,,KHD,N,1,0
1051744,N,ES,V,2012-08-14,,KHD,N,1,0
1051748,N,ES,H,2012-08-14,,KHD,N,1,0
1051756,N,ES,H,2012-08-14,,KFC,N,1,0
1051757,N,ES,V,2012-08-14,,KFC,N,1,0
1051758,N,ES,H,2012-08-14,,KAT,N,1,0
1051759,N,ES,V,2014-07-09,,KAT,N,1,0
1051761,N,ES,H,2012-08-14,,KFC,N,1,0
1051762,N,ES,V,2012-08-14,,KFC,N,1,0
1051763,N,ES,H,2012-08-14,,KFC,N,1,0
1051764,N,ES,V,2012-08-14,,KFC,N,1,0
1051765,N,ES,H,2012-08-14,,KFC,N,1,0
1051768,N,ES,V,2012-08-14,,KAT,N,1,0
1051769,N,ES,H,2012-08-14,,KFC,N,1,0
1051771,N,ES,V,2012-08-14,,KFC,N,1,0
1051772,N,ES,H,2012-08-14,,KFC,N,1,0
1051784,N,ES,H,2012-08-14,,KFC,N,1,0
1051785,N,ES,V,2014-10-28,,KFC,N,1,0
1051788,N,ES,V,2012-08-14,,KFC,N,1,0
1051789,N,ES,V,2012-08-14,,KAT,N,1,0
1051791,N,ES,V,2012-08-14,,KFC,N,1,0
1051793,N,ES,V,2012-08-14,,KFC,N,1,0
1051794,N,ES,V,2012-08-14,,KFC,N,1,0
1051796,N,ES,V,2012-08-14,,KAT,N,1,0
1051798,N,ES,V,2012-08-14,,KFC,N,1,0
1051799,N,ES,H,2012-08-14,,KFC,N,1,0
1051800,N,ES,V,2012-08-14,,KFC,N,1,0
1051805,N,ES,V,2012-08-14,,KFC,N,1,0
1051809,N,ES,H,2012-08-14,,KFC,N,1,0
1051816,N,ES,H,2012-08-14,,KFC,N,1,0
1051819,N,ES,H,2012-08-14,,KAT,N,1,0
1051824,N,ES,V,2012-08-14,,KFC,N,1,0
1051826,N,ES,V,2012-08-14,,KFC,N,1,0
1051827,N,ES,H,2012-08-14,,KFC,N,1,0
1051831,N,ES,V,2012-08-14,,KFC,N,1,0
1051832,N,ES,V,2012-08-14,,KFC,N,1,0
1051833,N,ES,V,2012-08-14,,KFC,N,1,0
1051835,N,ES,V,2012-08-14,,KFC,N,1,0
1051836,N,ES,V,2012-08-14,,KFC,N,1,0
1051839,N,ES,H,2012-08-14,,KAT,N,1,0
1051840,N,ES,H,2012-10-10,,KAT,N,1,0
1051842,N,ES,V,2012-08-14,,KAT,N,1,0
1051843,N,ES,H,2012-08-14,,KFC,N,1,0
1051847,N,ES,H,2012-08-14,,KHD,N,1,0
1051851,N,ES,V,2012-08-14,,KFA,N,1,0
1051852,N,ES,H,2012-08-14,,KFA,N,1,0
1051853,N,ES,H,2012-08-14,,KFA,N,1,0
1051854,N,ES,H,2012-08-15,,KFC,N,1,0
1051857,N,ES,V,2012-08-16,,KHE,N,1,0
1051858,N,ES,V,2012-08-16,,KHE,N,1,0
1051861,N,ES,V,2012-08-16,,KHE,N,1,0
1051862,N,ES,V,2012-08-16,,KHD,N,1,0
1051864,N,ES,H,2012-08-16,,KHE,N,1,0
1051865,N,ES,V,2012-08-16,,KHD,N,1,0
1051867,N,ES,V,2012-08-20,,KHE,N,1,0
1051868,N,ES,V,2012-08-16,,KHD,N,1,0
1051872,N,ES,V,2012-08-16,,KHD,N,1,0
1051874,N,ES,H,2012-08-16,,KHD,N,1,0
1051876,N,ES,H,2012-08-16,,KHD,N,1,0
1051878,N,ES,H,2012-08-16,,KHD,N,1,0
1051879,N,ES,V,2012-08-16,,KHD,N,1,0
1051882,N,ES,H,2012-08-16,,KHD,N,1,0
1051884,N,ES,V,2012-08-16,,KHD,N,1,0
1051886,N,ES,V,2012-08-16,,KHD,N,1,0
1051894,N,ES,V,2012-08-16,,KHD,N,1,0
1051896,N,ES,H,2012-08-16,,KHD,N,1,0
1051902,N,ES,H,2012-08-16,,KHD,N,1,0
1051904,N,ES,V,2012-08-16,,KHD,N,1,0
1051906,N,ES,H,2012-08-16,,KHD,N,1,0
1051908,N,ES,H,2012-08-16,,KHD,N,1,0
1051910,N,ES,V,2012-08-16,,KHD,N,1,0
1051912,N,ES,H,2012-08-16,,KHD,N,1,0
1051913,N,ES,H,2012-08-16,,KHD,N,1,0
1051914,N,ES,H,2012-08-16,,KHD,N,1,0
1051916,N,ES,H,2012-08-16,,KHD,N,1,0
1051919,N,ES,V,2012-08-16,,KHD,N,1,0
1051920,N,ES,V,2012-08-16,,KFA,N,1,0
1051922,N,ES,V,2012-08-16,,KHE,N,1,0
1051924,N,ES,V,2012-08-16,,KHD,N,1,0
1051927,N,ES,V,2012-08-16,,KHD,N,1,0
1051929,N,ES,H,2012-08-16,,KHD,N,1,0
1051931,N,ES,H,2012-08-16,,KHD,N,1,0
1051935,N,ES,H,2012-08-16,,KHD,N,1,0
1051937,N,ES,V,2012-08-16,,KHD,N,1,0
1051939,N,ES,V,2012-08-16,,KHE,N,1,0
1051940,N,ES,H,2012-08-16,,KHD,N,1,0
1051944,N,ES,H,2012-08-16,,KHD,N,1,0
1051946,N,ES,H,2012-08-16,,KHD,N,1,0
1051948,N,ES,H,2012-08-16,,KHD,N,1,0
1051950,N,ES,H,2012-08-16,,KHD,N,1,0
1051954,N,ES,V,2012-08-16,,KHD,N,1,0
1051956,N,ES,V,2012-08-16,,KHD,N,1,0
1051958,N,ES,V,2012-08-16,,KHD,N,1,0
1051960,N,ES,V,2012-08-16,,KHD,N,1,0
1051962,N,ES,V,2012-08-16,,KHD,N,1,0
1051964,N,ES,H,2012-08-16,,KHD,N,1,0
1051966,N,ES,V,2012-08-16,,KHD,N,1,0
1051968,N,ES,H,2012-08-16,,KFA,N,1,0
1051971,N,ES,H,2012-08-16,,KHD,N,1,0
1051973,N,ES,H,2012-08-16,,KHD,N,1,0
1051979,N,ES,H,2012-08-16,,KHD,N,1,0
1051981,N,ES,V,2012-08-16,,KHD,N,1,0
1051985,N,ES,H,2012-08-16,,KHD,N,1,0
1051989,N,ES,V,2012-08-16,,KHD,N,1,0
1051993,N,ES,H,2012-08-16,,KHD,N,1,0
1051995,N,ES,H,2012-08-16,,KHD,N,1,0
1051997,N,ES,V,2012-08-16,,KHD,N,1,0
1051999,N,ES,H,2012-08-17,,KHD,N,1,0
1052003,N,ES,H,2012-08-16,,KHD,N,1,0
1052007,N,ES,H,2012-08-16,,KHD,N,1,0
1052011,N,ES,V,2012-08-16,,KHD,N,1,0
1052013,N,ES,V,2012-08-16,,KHD,N,1,0
1052017,N,ES,H,2012-08-16,,KHD,N,1,0
1052021,N,ES,V,2012-08-16,,KFC,N,1,0
1052022,N,ES,V,2012-08-16,,KHD,N,1,0
1052024,N,ES,H,2012-08-16,,KFA,N,1,0
1052025,N,ES,H,2012-08-16,,KHD,N,1,0
1052027,N,ES,V,2012-08-16,,KHD,N,1,0
1052031,N,ES,V,2012-08-16,,KHD,N,1,0
1052032,N,ES,H,2012-08-16,,KHD,N,1,0
1052036,N,ES,H,2012-08-16,,KHD,N,1,0
1052040,N,ES,H,2012-08-16,,KHD,N,1,0
1052042,N,ES,H,2012-08-16,,KHD,N,1,0
1052044,N,ES,V,2012-08-16,,KHD,N,1,0
1052048,N,ES,H,2012-08-16,,KHD,N,1,0
1052052,N,ES,V,2012-08-16,,KHD,N,1,0
1052068,N,ES,V,2012-08-16,,KHD,N,1,0
1052070,N,ES,V,2012-08-16,,KHD,N,1,0
1052071,N,ES,V,2012-08-16,,KHD,N,1,0
1052075,N,ES,H,2012-08-16,,KFA,N,1,0
1052083,N,ES,H,2012-08-16,,KHE,N,1,0
1052084,N,ES,V,2012-08-16,,KFA,N,1,0
1052090,N,ES,H,2012-08-16,,KHE,N,1,0
1052091,N,ES,V,2012-08-16,,KHE,N,1,0
1052093,N,ES,H,2012-08-16,,KHE,N,1,0
1052098,N,ES,H,2012-08-16,,KHE,N,1,0
1052099,N,ES,V,2012-08-16,,KFC,N,1,0
1052102,N,ES,H,2012-08-16,,KAT,N,1,0
1052103,N,ES,V,2012-08-16,,KAT,N,1,0
1052109,N,ES,V,2012-08-16,,KFC,N,1,0
1052110,N,ES,V,2012-08-16,,KFC,N,1,0
1052112,N,ES,V,2012-08-16,,KFC,N,1,0
1052114,N,ES,H,2012-08-16,,KFC,N,1,0
1052121,N,ES,H,2012-08-16,,KAT,N,1,0
1052124,N,ES,V,2012-08-16,,KFC,N,1,0
1052128,N,ES,V,2012-08-16,,KAT,N,1,0
1052132,N,ES,H,2012-08-16,,KFC,N,1,0
1052133,N,ES,H,2012-08-16,,KFC,N,1,0
1052135,N,ES,V,2012-08-16,,KFC,N,1,0
1052143,N,ES,H,2012-08-16,,KFC,N,1,0
1052149,N,ES,V,2012-08-16,,KFC,N,1,0
1052152,N,ES,V,2012-08-16,,KFC,N,1,0
1052153,N,ES,V,2012-08-16,,KFC,N,1,0
1052154,N,ES,V,2012-08-16,,KFC,N,1,0
1052155,N,ES,H,2012-08-16,,KFC,N,1,0
1052158,N,ES,H,2012-08-16,,KFC,N,1,0
1052162,N,ES,V,2012-08-16,,KFC,N,1,0
1052166,N,ES,V,2012-08-16,,KFC,N,1,0
1052168,N,ES,V,2012-08-16,,KFC,N,1,0
1052170,N,ES,V,2012-08-16,,KFC,N,1,0
1052171,N,ES,V,2012-08-16,,KFC,N,1,0
1052173,N,ES,H,2012-08-16,,KFC,N,1,0
1052174,N,ES,H,2012-08-16,,KFC,N,1,0
1052176,N,ES,H,2012-08-16,,KFC,N,1,0
1052177,N,ES,V,2012-08-16,,KFC,N,1,0
1052178,N,ES,V,2012-08-16,,KFC,N,1,0
1052180,N,ES,H,2012-08-16,,KFC,N,1,0
1052182,N,ES,H,2012-08-16,,KFC,N,1,0
1052184,N,ES,H,2012-08-16,,KFC,N,1,0
1052185,N,ES,V,2012-08-16,,KFC,N,1,0
1052186,N,ES,V,2012-08-16,,KFC,N,1,0
1052187,N,ES,H,2012-08-16,,KFC,N,1,0
1052189,N,ES,V,2012-08-16,,KFC,N,1,0
1052194,N,ES,V,2012-08-16,,KFC,N,1,0
1052195,N,ES,V,2012-08-16,,KFC,N,1,0
1052197,N,ES,V,2012-08-16,,KFC,N,1,0
1052200,N,ES,V,2012-08-16,,KAT,N,1,0
1052203,N,ES,V,2012-08-16,,KAT,N,1,0
1052207,N,ES,V,2012-08-16,,KFC,N,1,0
1052208,N,ES,H,2012-08-16,,KFC,N,1,0
1052212,N,ES,H,2012-08-16,,KAT,N,1,0
1052213,N,ES,V,2012-08-16,,KFC,N,1,0
1052216,N,ES,V,2012-08-16,,KAT,N,1,0
1052217,N,ES,V,2012-08-16,,KFC,N,1,0
1052218,N,ES,V,2012-08-16,,KFC,N,1,0
1052219,N,ES,V,2012-08-16,,KAT,N,1,0
1052224,N,ES,H,2012-08-16,,KAT,N,1,0
1052225,N,ES,H,2012-08-16,,KAT,N,1,0
1052226,N,ES,V,2012-08-16,,KFC,N,1,0
1052229,N,ES,H,2012-08-16,,KFC,N,1,0
1052231,N,ES,V,2012-08-16,,KAT,N,1,0
1052233,N,ES,H,2012-08-16,,KFC,N,1,0
1052237,N,ES,H,2012-08-16,,KHD,N,1,0
1052239,N,ES,H,2012-08-16,,KHE,N,1,0
1052242,N,ES,V,2012-08-16,,KHE,N,1,0
1052249,N,ES,V,2012-08-16,,KHE,N,1,0
1052251,N,ES,H,2012-08-16,,KAT,N,1,0
1052259,N,ES,H,2012-08-16,,KFA,N,1,0
1052261,N,ES,V,2012-08-16,,KFA,N,1,0
1052270,N,ES,H,2012-08-16,,KHE,N,1,0
1052276,N,ES,V,2012-08-16,,KHE,N,1,0
1052280,N,ES,H,2012-08-16,,KHD,N,1,0
1052284,N,ES,V,2012-08-16,,KHE,N,1,0
1052287,N,ES,H,2012-08-16,,KFA,N,1,0
1052289,N,ES,H,2012-08-16,,KHE,N,1,0
1052296,N,ES,H,2012-08-16,,KHE,N,1,0
1052297,N,ES,V,2012-12-28,,KFA,N,1,0
1052300,N,ES,H,2012-08-16,,KAT,N,1,0
1052302,N,ES,V,2012-08-16,,KHE,N,1,0
1052304,N,ES,H,2012-08-16,,KHE,N,1,0
1052310,N,ES,H,2012-08-16,,KHE,N,1,0
1052318,N,ES,V,2012-08-16,,KHE,N,1,0
1052322,N,ES,H,2012-08-16,,KHE,N,1,0
1052325,N,ES,V,2012-08-16,,KHE,N,1,0
1052328,N,ES,H,2012-08-16,,KHE,N,1,0
1052329,N,ES,H,2012-08-16,,KHE,N,1,0
1052331,N,ES,V,2012-08-16,,KHE,N,1,0
1052336,N,ES,V,2012-08-16,,KHE,N,1,0
1052339,N,ES,V,2012-08-17,,KHD,N,1,0
1052341,N,ES,H,2012-08-17,,KHE,N,1,0
1052342,N,ES,V,2012-08-17,,KHE,N,1,0
1052343,N,ES,V,2012-08-17,,KHD,N,1,0
1052345,N,ES,H,2012-08-17,,KHE,N,1,0
1052346,N,ES,H,2012-08-17,,KHE,N,1,0
1052347,N,ES,V,2012-08-17,,KHD,N,1,0
1052349,N,ES,H,2012-08-17,,KHE,N,1,0
1052350,N,ES,V,2012-08-17,,KHD,N,1,0
1052352,N,ES,H,2012-08-17,,KHD,N,1,0
1052354,N,ES,V,2012-08-17,,KHD,N,1,0
1052356,N,ES,H,2012-08-17,,KHE,N,1,0
1052357,N,ES,H,2012-08-17,,KHE,N,1,0
1052358,N,ES,H,2012-08-17,,KHE,N,1,0
1052359,N,ES,H,2012-08-17,,KHD,N,1,0
1052361,N,ES,V,2012-08-17,,KHE,N,1,0
1052362,N,ES,V,2012-08-17,,KHD,N,1,0
1052366,N,ES,H,2012-08-17,,KHD,N,1,0
1052368,N,ES,H,2012-08-17,,KHE,N,1,0
1052369,N,ES,H,2012-08-17,,KHD,N,1,0
1052371,N,ES,V,2012-08-17,,KHD,N,1,0
1052373,N,ES,V,2012-08-17,,KHD,N,1,0
1052375,N,ES,V,2012-08-17,,KHD,N,1,0
1052377,N,ES,V,2012-08-17,,KHD,N,1,0
1052379,N,ES,V,2012-08-17,,KHD,N,1,0
1052381,N,ES,V,2012-08-17,,KHE,N,1,0
1052382,N,ES,H,2012-08-17,,KHD,N,1,0
1052384,N,ES,H,2012-08-17,,KHD,N,1,0
1052386,N,ES,H,2012-08-17,,KHD,N,1,0
1052387,N,ES,V,2012-08-17,,KHD,N,1,0
1052388,N,ES,H,2012-08-17,,KHE,N,1,0
1052389,N,ES,V,2012-08-17,,KHE,N,1,0
1052390,N,ES,V,2012-08-17,,KHD,N,1,0
1052392,N,ES,H,2012-08-17,,KHD,N,1,0
1052396,N,ES,H,2012-08-17,,KHE,N,1,0
1052397,N,ES,V,2012-08-17,,KHD,N,1,0
1052399,N,ES,V,2012-08-17,,KHE,N,1,0
1052400,N,ES,V,2012-08-17,,KHD,N,1,0
1052402,N,ES,V,2012-08-17,,KHE,N,1,0
1052403,N,ES,V,2012-08-17,,KHD,N,1,0
1052405,N,ES,V,2012-08-17,,KHD,N,1,0
1052407,N,ES,V,2012-08-17,,KHE,N,1,0
1052408,N,ES,H,2012-08-17,,KHD,N,1,0
1052410,N,ES,H,2012-08-17,,KHD,N,1,0
1052412,N,ES,H,2012-08-17,,KHE,N,1,0
1052413,N,ES,V,2012-08-17,,KHD,N,1,0
1052415,N,ES,H,2012-08-17,,KHD,N,1,0
1052417,N,ES,V,2012-08-17,,KHE,N,1,0
1169510,N,ES,V,2013-08-26,,KHE,N,0,1
1169512,N,ES,V,2013-08-26,,KHE,N,0,1
1169514,N,ES,H,2013-08-26,,KHE,N,0,1
1169516,N,ES,H,2013-08-26,,KHE,N,0,1
1169518,N,ES,H,2013-08-26,,KHE,N,0,1
1169520,N,ES,H,2013-08-26,,KHE,N,0,1
1169522,N,ES,V,2013-08-26,,KFC,N,0,1
1169523,N,ES,H,2013-08-26,,KHE,N,0,1
1169525,N,ES,V,2013-08-26,,KHE,N,0,1
1169529,N,ES,H,2013-08-26,,KHE,N,0,1
1169531,N,ES,H,2013-08-26,,KHE,N,0,1
1169533,N,ES,H,2013-08-26,,KHE,N,0,1
1169540,N,ES,H,2013-08-26,,KFC,N,0,1
1169541,N,ES,H,2013-08-26,,KHE,N,0,1
1169542,N,ES,H,2013-08-26,,KHE,N,0,1
1169543,N,ES,H,2013-08-26,,KHE,N,0,1
1169544,N,ES,V,2013-08-26,,KFC,N,0,1
1169546,N,ES,V,2013-08-26,,KHE,N,0,1
1169548,N,ES,V,2013-08-26,,KFC,N,0,1
1169549,N,ES,H,2013-08-26,,KHE,N,0,1
1169551,N,ES,V,2013-08-26,,KFC,N,0,1
1169553,N,ES,H,2013-08-26,,KHE,N,0,1
1169555,N,ES,H,2013-08-26,,KHE,N,0,1
1169557,N,ES,H,2013-08-26,,KHE,N,0,1
1169559,N,ES,H,2013-08-26,,KFC,N,0,1
1169560,N,ES,V,2013-08-26,,KHE,N,0,1
1169563,N,ES,H,2013-08-26,,KHE,N,0,1
1169566,N,ES,V,2013-08-26,,KFC,N,0,1
1169567,N,ES,H,2013-08-26,,KHE,N,0,1
1169569,N,ES,H,2013-08-26,,KHE,N,0,1
1169571,N,ES,V,2013-08-26,,KFC,N,0,1
1169572,N,ES,H,2013-08-26,,KHE,N,0,1
1169574,N,ES,H,2013-08-26,,KHE,N,0,1
1169576,N,ES,H,2013-08-26,,KFC,N,0,1
1169577,N,ES,H,2013-08-26,,KHE,N,0,1
1169579,N,ES,V,2013-08-26,,KFC,N,0,1
1169580,N,ES,H,2013-08-26,,KHE,N,0,1
1169582,N,ES,V,2013-08-26,,KHE,N,0,1
1169584,N,ES,H,2013-08-26,,KHE,N,0,1
1169586,N,ES,V,2013-08-26,,KHE,N,0,1
1169588,N,ES,H,2013-08-26,,KHE,N,0,1
1169590,N,ES,V,2013-08-26,,KHE,N,0,1
1169592,N,ES,V,2013-08-26,,KHE,N,0,1
1169594,N,ES,V,2013-08-26,,KHE,N,0,1
1169596,N,ES,H,2013-08-26,,KHE,N,0,1
1169598,N,ES,V,2013-08-26,,KFC,N,0,1
1169602,N,ES,H,2013-08-26,,KHE,N,0,1
1169603,N,ES,H,2013-08-26,,KHE,N,0,1
1169606,N,ES,V,2013-08-26,,KHE,N,0,1
1169608,N,ES,H,2013-08-26,,KHE,N,0,1
1169610,N,ES,V,2013-08-26,,KHE,N,0,1
1169612,N,ES,V,2013-08-26,,KHE,N,0,1
1169614,N,ES,H,2013-08-26,,KHE,N,0,1
1169616,N,ES,H,2013-08-26,,KHE,N,0,1
1169618,N,ES,V,2013-08-26,,KAT,N,0,1
1169619,N,ES,V,2013-08-26,,KFC,N,0,1
1169620,N,ES,H,2013-08-26,,KHE,N,0,1
1169622,N,ES,V,2013-08-26,,KHE,N,0,1
1169625,N,ES,H,2013-08-26,,KFA,N,0,1
1169627,N,ES,V,2013-08-26,,KFA,N,0,1
1169629,N,ES,V,2013-08-26,,KAT,N,0,1
1169630,N,ES,V,2013-08-26,,KHE,N,0,1
1169632,N,ES,V,2013-08-26,,KHE,N,0,1
1169633,N,ES,H,2013-10-01,,KHE,N,0,1
1169634,N,ES,V,2013-08-26,,KHE,N,0,1
1169636,N,ES,H,2013-08-26,,KHE,N,0,1
1169638,N,ES,V,2013-08-26,,KHE,N,0,1
1169640,N,ES,H,2013-08-26,,KHE,N,0,1
1169642,N,ES,H,2013-08-26,,KHE,N,0,1
1169644,N,ES,H,2013-08-26,,KHE,N,0,1
1169646,N,ES,H,2013-08-26,,KHE,N,0,1
1169648,N,ES,H,2013-08-26,,KHE,N,0,1
1169650,N,ES,V,2013-08-26,,KAT,N,0,1
1169651,N,ES,V,2016-01-22,,KAT,N,0,1
1169652,N,ES,V,2013-08-26,,KHE,N,0,1
1169654,N,ES,H,2013-08-26,,KHE,N,0,1
1169655,N,ES,V,2015-03-10,,KAT,N,0,1
1169656,N,ES,H,2013-08-26,,KHE,N,0,1
1169659,N,ES,H,2013-08-26,,KHE,N,0,1
1169663,N,ES,V,2013-08-26,,KAT,N,0,1
1169665,N,ES,H,2013-08-27,,KHE,N,0,1
1169667,N,ES,V,2013-08-27,,KHE,N,0,1
1169669,N,ES,H,2013-08-27,,KHE,N,0,1
1169671,N,ES,V,2013-08-27,,KHE,N,0,1
1169672,N,ES,H,2013-08-27,,KHE,N,0,1
1169673,N,ES,H,2013-08-27,,KHE,N,0,1
1169675,N,ES,H,2013-08-27,,KHE,N,0,1
1169677,N,ES,V,2013-09-06,,KFA,N,0,1
1169678,N,ES,H,2013-08-27,,KHE,N,0,1
1169680,N,ES,H,2013-08-27,,KHE,N,0,1
1169681,N,ES,H,2013-08-27,,KHE,N,0,1
1169683,N,ES,H,2013-08-27,,KHE,N,0,1
1169687,N,ES,H,2013-08-27,,KHE,N,0,1
1169689,N,ES,V,2013-08-27,,KHE,N,0,1
1169691,N,ES,H,2013-08-27,,KHE,N,0,1
1169693,N,ES,V,2013-08-27,,KHE,N,0,1
1169695,N,ES,V,2013-08-27,,KHE,N,0,1
1169697,N,ES,H,2013-08-27,,KHE,N,0,1
1169699,N,ES,V,2013-08-27,,KHE,N,0,1
1169700,N,ES,V,2013-08-27,,KHE,N,0,1
1169702,N,ES,H,2013-08-27,,KHE,N,0,1
1169703,N,ES,V,2013-08-27,,KHE,N,0,1
1169704,N,ES,H,2013-08-27,,KHE,N,0,1
1169706,N,ES,V,2013-08-27,,KHE,N,0,1
1169707,N,ES,V,2013-08-27,,KHE,N,0,1
1169709,N,ES,H,2013-08-27,,KHE,N,0,1
1169711,N,ES,H,2013-08-27,,KHE,N,0,1
1169713,N,ES,V,2013-08-27,,KHE,N,0,1
1169714,N,ES,V,2013-08-27,,KHE,N,0,1
1169715,N,ES,V,2013-08-27,,KHE,N,0,1
1169717,N,ES,H,2013-08-27,,KHE,N,0,1
1169719,N,ES,V,2013-08-27,,KHE,N,0,1
1169720,N,ES,H,2013-08-27,,KHE,N,0,1
1169721,N,ES,V,2013-08-27,,KHE,N,0,1
1169722,N,ES,V,2013-08-27,,KHE,N,0,1
1169723,N,ES,H,2013-08-27,,KHE,N,0,1
1169725,N,ES,V,2013-08-27,,KHE,N,0,1
1169726,N,ES,H,2013-08-27,,KHE,N,0,1
1169728,N,ES,H,2013-08-27,,KHE,N,0,1
1169729,N,ES,H,2013-08-27,,KHE,N,0,1
1169730,N,ES,V,2013-08-27,,KHE,N,0,1
1169731,N,ES,V,2013-08-27,,KHE,N,0,1
1169732,N,ES,V,2013-08-27,,KHE,N,0,1
1169733,N,ES,H,2013-08-27,,KHE,N,0,1
1169735,N,ES,V,2013-08-27,,KHE,N,0,1
1169736,N,ES,H,2013-08-27,,KHE,N,0,1
1169738,N,ES,V,2013-08-27,,KHE,N,0,1
1169739,N,ES,V,2013-08-27,,KHE,N,0,1
1169740,N,ES,V,2013-08-27,,KHE,N,0,1
1169742,N,ES,V,2013-08-27,,KHE,N,0,1
1169743,N,ES,V,2013-08-27,,KHE,N,0,1
1169744,N,ES,V,2013-08-27,,KHE,N,0,1
1169745,N,ES,H,2013-08-27,,KHE,N,0,1
1169746,N,ES,H,2013-08-27,,KHE,N,0,1
1169747,N,ES,V,2013-08-27,,KHE,N,0,1
1169749,N,ES,H,2013-08-27,,KHE,N,0,1
1169751,N,ES,V,2013-08-27,,KHE,N,0,1
1169752,N,ES,H,2013-08-27,,KHE,N,0,1
1169754,N,ES,V,2013-08-27,,KHE,N,0,1
1169755,N,ES,H,2013-08-27,,KHE,N,0,1
1169757,N,ES,V,2013-08-27,,KHE,N,0,1
1169759,N,ES,H,2013-08-27,,KHE,N,0,1
1169761,N,ES,V,2013-08-27,,KHE,N,0,1
1169763,N,ES,H,2013-08-27,,KHE,N,0,1
1169765,N,ES,H,2013-08-27,,KHE,N,0,1
1169766,N,ES,V,2013-08-27,,KHE,N,0,1
1169768,N,ES,V,2013-08-27,,KHE,N,0,1
1169769,N,ES,V,2013-08-27,,KHE,N,0,1
1169770,N,ES,V,2013-08-27,,KHE,N,0,1
1169771,N,ES,H,2013-08-27,,KHE,N,0,1
1169773,N,ES,H,2013-08-27,,KHE,N,0,1
1169775,N,ES,H,2013-08-27,,KHE,N,0,1
1169779,N,ES,V,2013-08-27,,KHE,N,0,1
1169780,N,ES,H,2013-08-27,,KFC,N,0,1
1169782,N,ES,H,2013-08-27,,KHE,N,0,1
1169784,N,ES,H,2013-08-27,,KHE,N,0,1
1169786,N,ES,V,2013-08-27,,KHE,N,0,1
1169787,N,ES,H,2013-08-27,,KHE,N,0,1
1169789,N,ES,H,2013-08-27,,KHE,N,0,1
1169791,N,ES,V,2013-08-27,,KHE,N,0,1
1169792,N,ES,H,2013-08-27,,KHE,N,0,1
1169794,N,ES,V,2013-08-27,,KHE,N,0,1
1169795,N,ES,H,2013-08-27,,KHE,N,0,1
1169797,N,ES,H,2013-08-27,,KHE,N,0,1
1169798,N,ES,V,2013-08-27,,KHE,N,0,1
1169799,N,ES,V,2013-08-27,,KHE,N,0,1
1169800,N,ES,H,2013-08-27,,KHE,N,0,1
1169801,N,ES,H,2013-08-27,,KHE,N,0,1
1169802,N,ES,H,2013-08-27,,KHE,N,0,1
1169805,N,ES,V,2013-08-27,,KHE,N,0,1
1169806,N,ES,H,2013-08-27,,KHE,N,0,1
1169808,N,ES,V,2013-08-27,,KHE,N,0,1
1169809,N,ES,H,2013-08-27,,KHE,N,0,1
1169811,N,ES,H,2013-08-27,,KHE,N,0,1
1169812,N,ES,H,2013-08-27,,KHE,N,0,1
1169814,N,ES,H,2013-08-27,,KHE,N,0,1
1169815,N,ES,H,2013-08-27,,KHE,N,0,1
1169817,N,ES,V,2013-08-27,,KHE,N,0,1
1169819,N,ES,V,2013-08-27,,KAT,N,0,1
1169820,N,ES,H,2013-08-27,,KHE,N,0,1
1169821,N,ES,V,2013-08-27,,KHE,N,0,1
1169822,N,ES,H,2013-08-27,,KHE,N,0,1
1169824,N,ES,V,2013-08-27,,KHE,N,0,1
1169825,N,ES,V,2013-08-27,,KHE,N,0,1
1169826,N,ES,V,2013-08-27,,KHE,N,0,1
1169828,N,ES,V,2013-08-27,,KHE,N,0,1
1169830,N,ES,V,2013-08-27,,KHE,N,0,1
1169831,N,ES,V,2013-08-27,,KHE,N,0,1
1169833,N,ES,H,2013-08-27,,KHE,N,0,1
1169835,N,ES,H,2013-08-27,,KHE,N,0,1
1169837,N,ES,V,2013-08-27,,KHE,N,0,1
1169838,N,ES,H,2013-08-27,,KHE,N,0,1
1169842,N,ES,H,2013-08-27,,KHE,N,0,1
1169844,N,ES,H,2013-08-27,,KHE,N,0,1
1169846,N,ES,H,2013-08-27,,KHE,N,0,1
1169847,N,ES,H,2013-08-27,,KHE,N,0,1
1169851,N,ES,H,2013-08-27,,KHE,N,0,1
1169853,N,ES,H,2013-08-27,,KHE,N,0,1
1169855,N,ES,H,2013-08-27,,KHE,N,0,1
1169856,N,ES,H,2013-08-27,,KHE,N,0,1
1169858,N,ES,H,2013-09-05,,KAT,N,0,1
1169859,N,ES,H,2013-08-27,,KHE,N,0,1
1169861,N,ES,H,2013-08-27,,KHE,N,0,1
1169862,N,ES,H,2013-08-27,,KHE,N,0,1
1169863,N,ES,H,2013-08-27,,KHE,N,0,1
1169865,N,ES,V,2013-08-27,,KHE,N,0,1
1169866,N,ES,H,2013-08-27,,KHE,N,0,1
1169868,N,ES,H,2013-08-27,,KHE,N,0,1
1169869,N,ES,V,2013-08-27,,KHE,N,0,1
1169871,N,ES,V,2013-08-27,,KHE,N,0,1
1169872,N,ES,H,2013-08-27,,KHE,N,0,1
1169874,N,ES,V,2013-08-27,,KHE,N,0,1
1169875,N,ES,H,2013-08-27,,KHE,N,0,1
1169876,N,ES,H,2013-08-27,,KHE,N,0,1
1169878,N,ES,V,2013-08-27,,KHE,N,0,1
1169879,N,ES,H,2013-08-27,,KHE,N,0,1
1169880,N,ES,H,2013-08-27,,KHE,N,0,1
1169882,N,ES,H,2013-08-27,,KHE,N,0,1
1169883,N,ES,V,2013-08-27,,KHE,N,0,1
1169884,N,ES,V,2013-08-27,,KHE,N,0,1
1169886,N,ES,H,2013-08-27,,KHE,N,0,1
1169887,N,ES,V,2013-08-27,,KHE,N,0,1
1169888,N,ES,H,2013-08-27,,KHE,N,0,1
1169889,N,ES,H,2013-08-27,,KHE,N,0,1
1169890,N,ES,H,2013-08-27,,KHE,N,0,1
1169891,N,ES,H,2013-08-27,,KFA,N,0,1
1169893,N,ES,V,2013-08-27,,KHE,N,0,1
1169894,N,ES,V,2013-08-27,,KHE,N,0,1
1169896,N,ES,H,2013-08-27,,KHE,N,0,1
1169898,N,ES,H,2013-08-27,,KHE,N,0,1
1169899,N,ES,V,2013-08-27,,KHE,N,0,1
1169901,N,ES,V,2013-08-27,,KHE,N,0,1
1169902,N,ES,H,2013-08-27,,KHE,N,0,1
1169903,N,ES,V,2013-08-27,,KHE,N,0,1
1169905,N,ES,V,2013-08-27,,KHE,N,0,1
1169906,N,ES,V,2013-08-27,,KHE,N,0,1
1169907,N,ES,V,2013-08-27,,KHE,N,0,1
1169908,N,ES,H,2013-08-27,,KHE,N,0,1
1169910,N,ES,V,2013-08-27,,KHE,N,0,1
1169911,N,ES,H,2013-08-27,,KHE,N,0,1
1169912,N,ES,V,2013-08-27,,KHE,N,0,1
1169913,N,ES,H,2013-08-27,,KHE,N,0,1
1169915,N,ES,H,2013-08-27,,KHE,N,0,1
1169916,N,ES,V,2013-08-27,,KHE,N,0,1
1169917,N,ES,H,2013-08-27,,KHE,N,0,1
1169918,N,ES,H,2013-08-27,,KHE,N,0,1
1169919,N,ES,V,2013-08-27,,KHE,N,0,1
1169920,N,ES,H,2013-08-27,,KHE,N,0,1
1169921,N,ES,H,2013-08-27,,KHE,N,0,1
1169922,N,ES,V,2013-08-27,,KHE,N,0,1
1169924,N,ES,V,2013-08-27,,KHE,N,0,1
1169925,N,ES,H,2013-08-27,,KHE,N,0,1
1169927,N,ES,V,2013-08-27,,KHE,N,0,1
1169929,N,ES,V,2013-08-27,,KHE,N,0,1
1169930,N,ES,V,2013-08-27,,KHE,N,0,1
1169931,N,ES,V,2013-08-27,,KHE,N,0,1
1169933,N,ES,V,2013-08-27,,KHE,N,0,1
1169935,N,ES,H,2013-08-27,,KHE,N,0,1
1169937,N,ES,H,2013-08-27,,KHE,N,0,1
1169938,N,ES,V,2013-08-27,,KHE,N,0,1
1169940,N,ES,V,2013-08-27,,KHE,N,0,1
1169941,N,ES,H,2013-08-27,,KHE,N,0,1
1169943,N,ES,H,2013-08-27,,KHE,N,0,1
1169944,N,ES,H,2013-08-27,,KHE,N,0,1
1169946,N,ES,H,2013-08-27,,KHE,N,0,1
1169948,N,ES,H,2013-08-27,,KHE,N,0,1
1169949,N,ES,H,2013-08-27,,KHE,N,0,1
1169951,N,ES,H,2013-08-27,,KHE,N,0,1
1169952,N,ES,H,2013-08-27,,KHE,N,0,1
1169954,N,ES,V,2013-08-27,,KHE,N,0,1
1169956,N,ES,H,2013-08-27,,KHE,N,0,1
1169957,N,ES,H,2013-08-27,,KFA,N,0,1
1169958,N,ES,H,2013-08-27,,KHE,N,0,1
1169960,N,ES,V,2013-08-27,,KHE,N,0,1
1169961,N,ES,V,2013-08-27,,KHE,N,0,1
1169963,N,ES,V,2013-08-27,,KHE,N,0,1
1169965,N,ES,H,2013-08-27,,KHE,N,0,1
1169966,N,ES,H,2013-08-27,,KHE,N,0,1
1169968,N,ES,V,2013-08-27,,KFA,N,0,1
1169969,N,ES,H,2013-08-27,,KHE,N,0,1
1169970,N,ES,H,2013-08-27,,KHE,N,0,1
1169971,N,ES,H,2013-08-27,,KHE,N,0,1
1169972,N,ES,H,2013-08-27,,KHE,N,0,1
1169974,N,ES,V,2013-08-27,,KHE,N,0,1
1169976,N,ES,V,2013-08-27,,KHE,N,0,1
1169979,N,ES,V,2013-08-27,,KAT,N,0,1
1169981,N,ES,H,2013-08-27,,KHE,N,0,1
1169983,N,ES,H,2013-08-27,,KHE,N,0,1
1169985,N,ES,V,2013-08-27,,KAT,N,0,1
1169987,N,ES,H,2013-08-27,,KHE,N,0,1
1169989,N,ES,H,2013-08-27,,KHE,N,0,1
1169991,N,ES,V,2013-08-27,,KFA,N,0,1
1169992,N,ES,H,2013-08-27,,KHE,N,0,1
1169994,N,ES,V,2013-08-27,,KFC,N,0,1
1169995,N,ES,V,2013-08-27,,KAT,N,0,1
1169996,N,ES,H,2013-08-27,,KHE,N,0,1
1169998,N,ES,V,2013-08-27,,KFC,N,0,1
1169999,N,ES,H,2013-08-27,,KHE,N,0,1
1170001,N,ES,V,2013-08-27,,KFC,N,0,1
1170002,N,ES,H,2013-09-12,,KFC,N,0,1
1170003,N,ES,V,2013-08-27,,KAT,N,0,1
1170005,N,ES,V,2013-08-27,,KHE,N,0,1
1170007,N,ES,V,2013-08-27,,KAT,N,0,1
1170008,N,ES,V,2013-08-27,,KFC,N,0,1
1170010,N,ES,V,2013-08-27,,KFC,N,0,1
1170011,N,ES,H,2013-08-27,,KHE,N,0,1
1170013,N,ES,V,2013-08-27,,KFC,N,0,1
1170015,N,ES,V,2013-08-27,,KFC,N,0,1
1170016,N,ES,H,2013-08-27,,KHE,N,0,1
1170018,N,ES,H,2013-08-27,,KHE,N,0,1
1170020,N,ES,H,2013-08-27,,KFC,N,0,1
1170022,N,ES,H,2013-08-27,,KHE,N,0,1
1170024,N,ES,H,2013-08-27,,KHE,N,0,1
1170026,N,ES,V,2013-08-27,,KHE,N,0,1
1170027,N,ES,H,2013-08-27,,KHE,N,0,1
1170029,N,ES,H,2013-08-27,,KFC,N,0,1
1170030,N,ES,H,2013-08-27,,KHE,N,0,1
1170032,N,ES,V,2013-08-27,,KFC,N,0,1
1170034,N,ES,V,2013-08-27,,KFC,N,0,1
1170035,N,ES,V,2013-08-27,,KFC,N,0,1
1170038,N,ES,H,2013-08-27,,KFC,N,0,1
1170040,N,ES,H,2013-08-27,,KHL,N,0,1
1170041,N,ES,H,2013-08-27,,KAT,N,0,1
1170044,N,ES,V,2013-08-27,,KFC,N,0,1
1170046,N,ES,V,2013-08-27,,KFC,N,0,1
1170048,N,ES,V,2013-08-27,,KFC,N,0,1
1170049,N,ES,V,2013-08-27,,KFC,N,0,1
1170051,N,ES,V,2013-08-27,,KFC,N,0,1
1170052,N,ES,H,2013-08-27,,KFC,N,0,1
1170053,N,ES,V,2013-08-27,,KFC,N,0,1
1170054,N,ES,H,2013-08-27,,KAT,N,0,1
1170055,N,ES,H,2013-08-27,,KAT,N,0,1
1170056,N,ES,H,2013-08-27,,KFC,N,0,1
1170057,N,ES,H,2013-08-27,,KFC,N,0,1
1170058,N,ES,V,2013-08-27,,KFC,N,0,1
1170059,N,ES,V,2013-08-27,,KFC,N,0,1
1170061,N,ES,V,2013-08-27,,KFC,N,0,1
1170062,N,ES,H,2013-08-27,,KFC,N,0,1
1170063,N,ES,V,2013-08-27,,KFC,N,0,1
1170064,N,ES,V,2013-08-27,,KFC,N,0,1
1170066,N,ES,V,2013-08-27,,KFC,N,0,1
1170067,N,ES,V,2013-08-27,,KHE,N,0,1
1170069,N,ES,V,2013-08-27,,KHE,N,0,1
1170071,N,ES,H,2013-08-27,,KHE,N,0,1
1170073,N,ES,H,2013-08-27,,KHE,N,0,1
1170074,N,ES,H,2013-08-27,,KHE,N,0,1
1170075,N,ES,H,2013-08-27,,KFC,N,0,1
1170077,N,ES,H,2013-08-27,,KHE,N,0,1
1170079,N,ES,H,2013-08-27,,KHE,N,0,1
1170081,N,ES,V,2013-08-27,,KHE,N,0,1
1170083,N,ES,V,2013-08-27,,KHE,N,0,1
1170085,N,ES,V,2013-08-27,,KHE,N,0,1
1170087,N,ES,H,2013-08-27,,KHE,N,0,1
1170090,N,ES,H,2013-08-27,,KHE,N,0,1
1170093,N,ES,H,2013-08-27,,KHE,N,0,1
1170095,N,ES,H,2013-08-27,,KHE,N,0,1
1170097,N,ES,V,2013-08-27,,KHE,N,0,1
1170099,N,ES,V,2013-08-27,,KHE,N,0,1
1170101,N,ES,V,2013-08-27,,KHE,N,0,1
1170102,N,ES,H,2013-08-27,,KHE,N,0,1
1170104,N,ES,H,2013-08-27,,KHE,N,0,1
1170106,N,ES,V,2013-08-27,,KHE,N,0,1
1170108,N,ES,V,2013-08-27,,KHE,N,0,1
1170110,N,ES,V,2013-08-27,,KFA,N,0,1
1170111,N,ES,H,2013-08-27,,KHE,N,0,1
1170114,N,ES,H,2013-08-27,,KHE,N,0,1
1170117,N,ES,H,2013-08-27,,KAT,N,0,1
1170118,N,ES,H,2013-08-27,,KHE,N,0,1
1170120,N,ES,H,2013-08-27,,KHE,N,0,1
1170122,N,ES,H,2013-08-27,,KHE,N,0,1
1170123,N,ES,V,2013-08-27,,KHE,N,0,1
1170125,N,ES,H,2013-08-27,,KHE,N,0,1
1170127,N,ES,H,2013-08-27,,KHE,N,0,1
1170129,N,ES,H,2013-08-27,,KHE,N,0,1
1170131,N,ES,H,2013-08-27,,KHE,N,0,1
1170133,N,ES,H,2013-08-27,,KHE,N,0,1
1170135,N,ES,V,2013-08-27,,KHE,N,0,1
1170137,N,ES,H,2013-08-27,,KHE,N,0,1
1170139,N,ES,H,2013-08-27,,KFC,N,0,1
1170140,N,ES,V,2013-08-27,,KHE,N,0,1
1170142,N,ES,V,2013-08-27,,KFC,N,0,1
1170143,N,ES,V,2013-08-27,,KHE,N,0,1
1170145,N,ES,V,2013-08-27,,KHE,N,0,1
1170147,N,ES,H,2013-08-27,,KHE,N,0,1
1170149,N,ES,H,2013-08-27,,KHE,N,0,1
1170151,N,ES,H,2013-08-27,,KHE,N,0,1
1170152,N,ES,V,2013-08-27,,KHE,N,0,1
1170154,N,ES,V,2013-08-27,,KHE,N,0,1
1170156,N,ES,V,2013-08-27,,KHE,N,0,1
1170158,N,ES,V,2013-08-27,,KHE,N,0,1
1170160,N,ES,H,2013-08-27,,KHE,N,0,1
1170162,N,ES,V,2013-08-27,,KFC,N,0,1
1170163,N,ES,V,2013-08-27,,KHE,N,0,1
1170165,N,ES,H,2013-08-27,,KHE,N,0,1
1170167,N,ES,V,2013-08-27,,KHE,N,0,1
1170169,N,ES,V,2013-08-27,,KFC,N,0,1
1170170,N,ES,V,2013-08-27,,KHE,N,0,1
1170172,N,ES,H,2013-08-27,,KFC,N,0,1
1170173,N,ES,V,2013-08-27,,KHE,N,0,1
1170175,N,ES,H,2013-08-27,,KHE,N,0,1
1170177,N,ES,V,2013-08-27,,KHE,N,0,1
1170178,N,ES,V,2013-08-27,,KFC,N,0,1
1170180,N,ES,H,2013-08-27,,KHE,N,0,1
1170182,N,ES,H,2013-08-27,,KHE,N,0,1
1170184,N,ES,V,2013-08-27,,KHE,N,0,1
1170185,N,ES,V,2013-08-27,,KHE,N,0,1
1170187,N,ES,V,2013-08-27,,KHE,N,0,1
1170189,N,ES,V,2013-08-27,,KFC,N,0,1
1170190,N,ES,V,2013-08-27,,KFC,N,0,1
1170192,N,ES,H,2013-08-27,,KAT,N,0,1
1170194,N,ES,V,2013-08-27,,KFC,N,0,1
1170195,N,ES,H,2013-08-27,,KHE,N,0,1
1170198,N,ES,H,2013-08-27,,KFC,N,0,1
1170199,N,ES,V,2013-08-27,,KFC,N,0,1
1170200,N,ES,H,2013-08-27,,KHE,N,0,1
1170202,N,ES,V,2013-08-27,,KFC,N,0,1
1170204,N,ES,V,2013-08-27,,KHE,N,0,1
1170207,N,ES,H,2013-08-27,,KHE,N,0,1
1170209,N,ES,V,2013-08-27,,KFC,N,0,1
1170213,N,ES,V,2013-08-27,,KFC,N,0,1
1170215,N,ES,H,2013-08-27,,KAT,N,0,1
1170216,N,ES,H,2013-08-27,,KFC,N,0,1
1170217,N,ES,H,2013-08-27,,KHE,N,0,1
1170219,N,ES,V,2013-08-27,,KFC,N,0,1
1170221,N,ES,H,2013-08-27,,KFC,N,0,1
1170222,N,ES,V,2013-08-27,,KFC,N,0,1
1170224,N,ES,H,2013-08-27,,KHE,N,0,1
1170226,N,ES,H,2013-08-27,,KAT,N,0,1
1170229,N,ES,H,2013-08-27,,KHE,N,0,1
1170231,N,ES,V,2013-08-27,,KAT,N,0,1
1170232,N,ES,H,2013-08-27,,KHE,N,0,1
1170234,N,ES,H,2013-08-27,,KFC,N,0,1
1170236,N,ES,H,2013-08-27,,KHE,N,0,1
1170237,N,ES,H,2013-08-27,,KFC,N,0,1
1170238,N,ES,H,2013-08-27,,KAT,N,0,1
1170239,N,ES,V,2013-08-27,,KFC,N,0,1
1170240,N,ES,H,2013-08-27,,KAT,N,0,1
1170241,N,ES,H,2013-08-27,,KHE,N,0,1
1170243,N,ES,V,2013-08-27,,KHE,N,0,1
1170245,N,ES,H,2013-08-27,,KHE,N,0,1
1170247,N,ES,H,2013-08-27,,KFC,N,0,1
1170248,N,ES,H,2013-09-06,,KHE,N,0,1
1170250,N,ES,V,2013-08-27,,KAT,N,0,1
1170252,N,ES,V,2013-08-27,,KHE,N,0,1
1170254,N,ES,V,2013-08-27,,KHE,N,0,1
1170256,N,ES,V,2013-08-27,,KFC,N,0,1
1170257,N,ES,V,2013-08-27,,KHE,N,0,1
1170259,N,ES,H,2013-08-27,,KAT,N,0,1
1170260,N,ES,H,2013-08-27,,KHE,N,0,1
1170262,N,ES,H,2013-08-27,,KHE,N,0,1
1170264,N,ES,V,2013-08-27,,KHE,N,0,1
1170267,N,ES,V,2013-08-27,,KFC,N,0,1
1170271,N,ES,H,2013-08-27,,KHE,N,0,1
1170273,N,ES,H,2013-08-27,,KHE,N,0,1
1170276,N,ES,V,2013-08-27,,KHE,N,0,1
1170278,N,ES,H,2013-08-27,,KHE,N,0,1
1170280,N,ES,V,2013-08-27,,KFC,N,0,1
1170281,N,ES,H,2013-09-06,,KHE,N,0,1
1170283,N,ES,H,2013-08-27,,KHE,N,0,1
1170285,N,ES,H,2013-08-27,,KFC,N,0,1
1170286,N,ES,H,2013-08-27,,KHE,N,0,1
1170288,N,ES,V,2013-08-27,,KFC,N,0,1
1170289,N,ES,V,2013-08-27,,KFC,N,0,1
1170290,N,ES,H,2013-08-27,,KHE,N,0,1
1170293,N,ES,V,2013-08-27,,KHE,N,0,1
1170295,N,ES,V,2013-08-27,,KHE,N,0,1
1170296,N,ES,H,2013-08-27,,KHE,N,0,1
1170298,N,ES,V,2013-08-27,,KHE,N,0,1
1170300,N,ES,H,2013-08-27,,KAT,N,0,1
1170302,N,ES,V,2013-08-27,,KAT,N,0,1
1170304,N,ES,V,2013-08-27,,KAT,N,0,1
1170305,N,ES,V,2013-08-28,,KHE,N,0,1
1170306,N,ES,H,2013-08-28,,KHE,N,0,1
1170307,N,ES,H,2013-08-28,,KHE,N,0,1
1170309,N,ES,H,2013-08-28,,KHE,N,0,1
1170311,N,ES,H,2013-08-28,,KHE,N,0,1
1170313,N,ES,H,2013-08-28,,KHE,N,0,1
1170315,N,ES,H,2013-08-28,,KHE,N,0,1
1170316,N,ES,V,2013-08-28,,KHE,N,0,1
1170318,N,ES,V,2013-08-28,,KHE,N,0,1
1170320,N,ES,H,2013-08-28,,KHE,N,0,1
1170322,N,ES,V,2013-08-28,,KHE,N,0,1
1170324,N,ES,V,2013-08-28,,KHE,N,0,1
1170326,N,ES,H,2013-08-28,,KHE,N,0,1
1170331,N,ES,V,2013-08-28,,KAT,N,0,1
1170333,N,ES,H,2013-08-28,,KHE,N,0,1
1170335,N,ES,H,2013-08-28,,KHE,N,0,1
1170337,N,ES,H,2013-08-28,,KHE,N,0,1
1170339,N,ES,H,2013-08-28,,KHE,N,0,1
1170341,N,ES,H,2013-08-28,,KHE,N,0,1
1170343,N,ES,H,2013-08-28,,KHE,N,0,1
1170344,N,ES,V,2013-08-28,,KHE,N,0,1
1170346,N,ES,H,2013-08-28,,KHE,N,0,1
1170347,N,ES,H,2013-08-28,,KHE,N,0,1
1170349,N,ES,H,2013-08-28,,KHE,N,0,1
1170350,N,ES,H,2013-08-28,,KHE,N,0,1
1170352,N,ES,H,2013-08-28,,KHE,N,0,1
1170353,N,ES,H,2013-08-28,,KHE,N,0,1
1170355,N,ES,H,2013-08-28,,KHE,N,0,1
1170357,N,ES,V,2013-08-28,,KHE,N,0,1
1170364,N,ES,H,2013-08-28,,KHE,N,0,1
1170366,N,ES,H,2013-08-28,,KHE,N,0,1
1170368,N,ES,V,2013-08-28,,KHE,N,0,1
1170370,N,ES,V,2013-08-28,,KHE,N,0,1
1170372,N,ES,H,2013-08-28,,KHE,N,0,1
1170374,N,ES,H,2013-08-28,,KHE,N,0,1
1170376,N,ES,V,2013-08-28,,KHE,N,0,1
1170378,N,ES,H,2013-08-28,,KHE,N,0,1
1170381,N,ES,H,2013-08-28,,KHE,N,0,1
1170382,N,ES,H,2013-08-28,,KHE,N,0,1
1170384,N,ES,H,2013-08-28,,KHE,N,0,1
1170386,N,ES,H,2013-08-28,,KHE,N,0,1
1170388,N,ES,V,2013-08-28,,KHE,N,0,1
1170390,N,ES,V,2013-08-28,,KHE,N,0,1
1170392,N,ES,V,2013-08-28,,KHE,N,0,1
1170394,N,ES,H,2013-08-28,,KHE,N,0,1
1170396,N,ES,V,2013-08-28,,KHE,N,0,1
1170398,N,ES,V,2013-08-28,,KHE,N,0,1
1170400,N,ES,H,2013-08-28,,KHE,N,0,1
1170403,N,ES,H,2013-08-28,,KHE,N,0,1
1170405,N,ES,H,2013-08-28,,KHE,N,0,1
1170408,N,ES,H,2013-08-28,,KHE,N,0,1
1170411,N,ES,V,2013-08-28,,KHE,N,0,1
1170413,N,ES,H,2013-08-28,,KHE,N,0,1
1170416,N,ES,V,2013-08-28,,KHE,N,0,1
1170417,N,ES,H,2013-08-28,,KHE,N,0,1
1170418,N,ES,V,2013-08-28,,KHE,N,0,1
1170420,N,ES,H,2013-08-28,,KHE,N,0,1
1170422,N,ES,H,2013-08-28,,KHE,N,0,1
1170423,N,ES,V,2013-08-28,,KHE,N,0,1
1170425,N,ES,V,2013-08-28,,KHE,N,0,1
1170427,N,ES,V,2013-08-28,,KHE,N,0,1
1170428,N,ES,H,2013-08-28,,KHE,N,0,1
1170430,N,ES,H,2013-08-28,,KHE,N,0,1
1170432,N,ES,H,2013-08-28,,KHE,N,0,1
1170433,N,ES,H,2013-08-28,,KHE,N,0,1
1170434,N,ES,H,2013-08-28,,KHE,N,0,1
1170436,N,ES,V,2013-08-28,,KHE,N,0,1
1170437,N,ES,H,2013-08-28,,KHE,N,0,1
1170439,N,ES,H,2013-08-28,,KHE,N,0,1
1170440,N,ES,V,2013-08-28,,KHE,N,0,1
1170442,N,ES,H,2013-08-28,,KHE,N,0,1
1170444,N,ES,V,2013-08-28,,KHE,N,0,1
1170445,N,ES,H,2013-08-28,,KHE,N,0,1
1170447,N,ES,H,2013-08-28,,KHE,N,0,1
1170449,N,ES,H,2013-08-28,,KHE,N,0,1
1170451,N,ES,V,2013-08-28,,KHE,N,0,1
1170453,N,ES,H,2013-08-28,,KHE,N,0,1
1170455,N,ES,H,2013-08-28,,KHE,N,0,1
1170458,N,ES,V,2013-08-28,,KHE,N,0,1
1170459,N,ES,V,2013-08-28,,KHE,N,0,1
1170461,N,ES,H,2013-08-28,,KHE,N,0,1
1170462,N,ES,V,2013-08-28,,KHE,N,0,1
1170464,N,ES,H,2013-08-28,,KHE,N,0,1
1170466,N,ES,H,2013-08-28,,KHE,N,0,1
1170468,N,ES,H,2013-08-28,,KHE,N,0,1
1170470,N,ES,V,2013-08-28,,KHE,N,0,1
1170471,N,ES,H,2013-08-28,,KHE,N,0,1
1170472,N,ES,V,2013-08-28,,KHE,N,0,1
1170474,N,ES,H,2013-08-28,,KHE,N,0,1
1170475,N,ES,H,2013-08-28,,KHE,N,0,1
1170477,N,ES,H,2013-08-28,,KHE,N,0,1
1170479,N,ES,H,2013-08-28,,KHE,N,0,1
1170481,N,ES,V,2013-08-28,,KHE,N,0,1
1170482,N,ES,V,2013-08-28,,KHE,N,0,1
1170486,N,ES,H,2013-08-28,,KHE,N,0,1
1170488,N,ES,H,2013-08-28,,KHE,N,0,1
1170489,N,ES,V,2013-08-28,,KHE,N,0,1
1170491,N,ES,V,2013-08-28,,KHE,N,0,1
1170493,N,ES,V,2013-08-28,,KHE,N,0,1
1170495,N,ES,H,2013-08-28,,KHE,N,0,1
1170497,N,ES,V,2013-08-28,,KHE,N,0,1
1170499,N,ES,H,2013-08-28,,KHE,N,0,1
1170500,N,ES,H,2013-08-28,,KHE,N,0,1
1170501,N,ES,V,2013-08-28,,KHE,N,0,1
1170502,N,ES,H,2013-08-28,,KHE,N,0,1
1170504,N,ES,H,2013-08-28,,KHE,N,0,1
1170506,N,ES,H,2013-08-28,,KHE,N,0,1
1170507,N,ES,H,2013-08-28,,KHE,N,0,1
1170509,N,ES,V,2013-08-28,,KHE,N,0,1
1170510,N,ES,H,2013-08-28,,KHE,N,0,1
1170512,N,ES,H,2013-08-28,,KHE,N,0,1
1170513,N,ES,H,2013-08-28,,KHE,N,0,1
1170515,N,ES,V,2013-08-28,,KHE,N,0,1
1170516,N,ES,H,2013-08-28,,KHE,N,0,1
1170518,N,ES,H,2013-08-28,,KHE,N,0,1
1170520,N,ES,V,2013-08-28,,KHE,N,0,1
1170522,N,ES,H,2013-08-28,,KHE,N,0,1
1170524,N,ES,H,2013-08-28,,KHE,N,0,1
1170526,N,ES,H,2013-08-28,,KHE,N,0,1
1170528,N,ES,H,2013-08-28,,KHE,N,0,1
1170533,N,ES,V,2013-08-28,,KFC,N,0,1
1170535,N,ES,H,2013-08-28,,KHE,N,0,1
1170537,N,ES,V,2013-08-28,,KAT,N,0,1
1170538,N,ES,H,2013-08-28,,KHE,N,0,1
1170539,N,ES,H,2013-08-28,,KHE,N,0,1
1170541,N,ES,V,2013-08-28,,KFC,N,0,1
1170542,N,ES,H,2013-08-28,,KHE,N,0,1
1170544,N,ES,H,2013-08-28,,KAT,N,0,1
1170545,N,ES,V,2013-08-28,,KHE,N,0,1
1170547,N,ES,H,2013-08-28,,KHE,N,0,1
1170548,N,ES,H,2013-08-28,,KHE,N,0,1
1170550,N,ES,V,2013-08-28,,KHE,N,0,1
1170552,N,ES,H,2013-08-28,,KFC,N,0,1
1170553,N,ES,H,2013-08-28,,KHE,N,0,1
1170555,N,ES,V,2013-08-28,,KHE,N,0,1
1170557,N,ES,H,2013-08-28,,KHE,N,0,1
1170559,N,ES,H,2013-08-28,,KHE,N,0,1
1170563,N,ES,H,2013-08-28,,KHE,N,0,1
1170565,N,ES,H,2013-08-28,,KHE,N,0,1
1170567,N,ES,V,2013-08-28,,KHE,N,0,1
1170568,N,ES,H,2013-08-28,,KHE,N,0,1
1170570,N,ES,H,2013-08-28,,KHE,N,0,1
1170576,N,ES,V,2013-08-28,,KHE,N,0,1
1170578,N,ES,V,2013-08-28,,KAT,N,0,1
1170579,N,ES,H,2013-08-28,,KFC,N,0,1
1170581,N,ES,H,2013-08-28,,KHE,N,0,1
1170583,N,ES,H,2013-08-28,,KHE,N,0,1
1170585,N,ES,V,2013-08-28,,KHE,N,0,1
1170587,N,ES,H,2013-08-28,,KFC,N,0,1
1170588,N,ES,H,2013-08-28,,KFC,N,0,1
1170589,N,ES,H,2013-08-28,,KHE,N,0,1
1170591,N,ES,H,2013-08-28,,KFC,N,0,1
1170592,N,ES,V,2013-08-28,,KFC,N,0,1
1170595,N,ES,V,2013-08-28,,KFC,N,0,1
1170596,N,ES,V,2013-08-28,,KAT,N,0,1
1170597,N,ES,V,2013-08-28,,KFC,N,0,1
1170598,N,ES,H,2013-08-28,,KAT,N,0,1
1170599,N,ES,H,2013-08-28,,KFC,N,0,1
1170601,N,ES,V,2013-08-28,,KFC,N,0,1
1170602,N,ES,H,2013-08-28,,KFC,N,0,1
1170603,N,ES,H,2013-08-28,,KFC,N,0,1
1170604,N,ES,H,2013-08-28,,KAT,N,0,1
1170605,N,ES,H,2013-08-28,,KFC,N,0,1
1170606,N,ES,H,2013-08-28,,KFC,N,0,1
1170607,N,ES,V,2013-08-28,,KFC,N,0,1
1170608,N,ES,V,2013-08-28,,KFC,N,0,1
1170609,N,ES,H,2013-08-28,,KFC,N,0,1
1170610,N,ES,V,2013-08-28,,KFC,N,0,1
1170611,N,ES,H,2013-08-28,,KFC,N,0,1
1170612,N,ES,H,2013-08-28,,KFC,N,0,1
1170614,N,ES,V,2013-08-28,,KFC,N,0,1
1170616,N,ES,V,2013-08-28,,KFC,N,0,1
1170617,N,ES,V,2013-08-28,,KFC,N,0,1
1170619,N,ES,H,2013-08-28,,KFC,N,0,1
1170620,N,ES,V,2016-01-22,,KFC,N,0,1
1170621,N,ES,V,2013-08-28,,KFC,N,0,1
1170623,N,ES,V,2013-08-28,,KFC,N,0,1
1170624,N,ES,H,2013-08-28,,KFC,N,0,1
1170625,N,ES,V,2013-08-28,,KFC,N,0,1
1170626,N,ES,H,2013-08-28,,KFC,N,0,1
1170627,N,ES,H,2013-08-28,,KFC,N,0,1
1170628,N,ES,V,2013-08-28,,KFC,N,0,1
1170630,N,ES,H,2013-08-28,,KHN,N,0,1
1170631,N,ES,V,2013-08-28,,KFC,N,0,1
1170632,N,ES,V,2013-08-28,,KFC,N,0,1
1170633,N,ES,H,2013-08-28,,KHE,N,0,1
1170635,N,ES,H,2013-08-28,,KHE,N,0,1
1170637,N,ES,H,2013-08-28,,KHE,N,0,1
1170639,N,ES,H,2013-08-28,,KHE,N,0,1
1170641,N,ES,V,2013-08-28,,KHE,N,0,1
1170643,N,ES,V,2013-08-28,,KHE,N,0,1
1170645,N,ES,H,2013-08-28,,KHE,N,0,1
1170647,N,ES,V,2013-08-28,,KHE,N,0,1
1170649,N,ES,H,2013-08-28,,KHE,N,0,1
1170651,N,ES,V,2013-08-28,,KHE,N,0,1
1170653,N,ES,V,2013-08-28,,KHE,N,0,1
1170655,N,ES,H,2013-08-28,,KHE,N,0,1
1170657,N,ES,V,2013-08-28,,KHE,N,0,1
1170659,N,ES,H,2013-08-28,,KHE,N,0,1
1170661,N,ES,V,2013-08-28,,KHE,N,0,1
1170663,N,ES,V,2013-08-28,,KAT,N,0,1
1170665,N,ES,H,2013-08-28,,KHE,N,0,1
1170667,N,ES,H,2013-08-28,,KHE,N,0,1
1170669,N,ES,H,2013-08-28,,KHE,N,0,1
1170671,N,ES,H,2013-08-28,,KAT,N,0,1
1170673,N,ES,H,2013-08-28,,KHE,N,0,1
1170675,N,ES,V,2013-08-28,,KFC,N,0,1
1170676,N,ES,V,2013-08-28,,KHE,N,0,1
1170678,N,ES,H,2013-08-28,,KHE,N,0,1
1170680,N,ES,V,2013-08-28,,KHE,N,0,1
1170682,N,ES,V,2013-08-28,,KHE,N,0,1
1170684,N,ES,V,2013-08-28,,KHE,N,0,1
1170686,N,ES,V,2013-08-28,,KHE,N,0,1
1170688,N,ES,H,2013-08-28,,KAT,N,0,1
1170690,N,ES,H,2013-08-28,,KHE,N,0,1
1170692,N,ES,V,2013-08-28,,KHE,N,0,1
1170694,N,ES,V,2013-08-28,,KFC,N,0,1
1170696,N,ES,H,2013-08-28,,KHE,N,0,1
1170698,N,ES,V,2013-08-28,,KHE,N,0,1
1170700,N,ES,V,2013-08-28,,KHE,N,0,1
1170704,N,ES,H,2013-08-28,,KHE,N,0,1
1170706,N,ES,V,2013-08-28,,KHE,N,0,1
1170708,N,ES,H,2013-08-28,,KHE,N,0,1
1170710,N,ES,V,2013-08-28,,KHE,N,0,1
1170712,N,ES,H,2013-08-28,,KHE,N,0,1
1170714,N,ES,V,2013-08-28,,KAT,N,0,1
1170715,N,ES,H,2013-08-28,,KHE,N,0,1
1170717,N,ES,V,2013-08-28,,KFC,N,0,1
1170718,N,ES,V,2013-08-28,,KHE,N,0,1
1170720,N,ES,V,2013-08-28,,KHE,N,0,1
1170722,N,ES,V,2013-08-28,,KHE,N,0,1
1170724,N,ES,H,2013-08-28,,KHE,N,0,1
1170725,N,ES,H,2013-08-28,,KAT,N,0,1
1170728,N,ES,V,2013-08-28,,KHE,N,0,1
1170730,N,ES,H,2013-08-28,,KHE,N,0,1
1170732,N,ES,V,2013-08-28,,KHE,N,0,1
1170734,N,ES,H,2013-08-28,,KHE,N,0,1
1170736,N,ES,V,2013-08-28,,KHE,N,0,1
1170738,N,ES,H,2013-08-28,,KHE,N,0,1
1170740,N,ES,V,2013-08-28,,KHE,N,0,1
1170742,N,ES,H,2013-08-28,,KHE,N,0,1
1170743,N,ES,H,2013-08-28,,KHE,N,0,1
1170745,N,ES,H,2013-08-28,,KHE,N,0,1
1170747,N,ES,V,2013-08-28,,KAT,N,0,1
1170749,N,ES,H,2013-10-07,,KAT,N,0,1
1170750,N,ES,V,2013-08-28,,KFC,N,0,1
1170751,N,ES,V,2013-08-28,,KHE,N,0,1
1170753,N,ES,V,2013-08-28,,KHE,N,0,1
1170755,N,ES,H,2013-08-28,,KHE,N,0,1
1170757,N,ES,H,2013-08-28,,KHE,N,0,1
1170759,N,ES,V,2013-08-28,,KHE,N,0,1
1170761,N,ES,V,2013-08-28,,KHE,N,0,1
1170763,N,ES,V,2013-08-28,,KFC,N,0,1
1170764,N,ES,V,2013-08-28,,KHE,N,0,1
1170766,N,ES,H,2013-08-28,,KHE,N,0,1
1170768,N,ES,H,2013-08-28,,KHE,N,0,1
1170771,N,ES,H,2013-08-28,,KHE,N,0,1
1170773,N,ES,H,2013-08-28,,KAT,N,0,1
1170775,N,ES,H,2013-08-28,,KHE,N,0,1
1170776,N,ES,H,2013-08-28,,KHE,N,0,1
1170778,N,ES,H,2013-08-28,,KAT,N,0,1
1170779,N,ES,H,2013-08-28,,KHE,N,0,1
1170781,N,ES,H,2013-08-28,,KHE,N,0,1
1170783,N,ES,H,2013-08-28,,KHE,N,0,1
1170785,N,ES,H,2013-08-28,,KAT,N,0,1
1170786,N,ES,H,2013-08-28,,KHE,N,0,1
1170788,N,ES,H,2013-08-28,,KHM,N,0,1
1170789,N,ES,V,2013-08-28,,KFC,N,0,1
1170792,N,ES,H,2013-08-28,,KHE,N,0,1
1170794,N,ES,V,2013-08-28,,KFC,N,0,1
1170795,N,ES,V,2013-08-28,,KHE,N,0,1
1170797,N,ES,V,2013-08-28,,KFC,N,0,1
1170801,N,ES,V,2013-08-28,,KHE,N,0,1
1170804,N,ES,V,2013-08-28,,KHE,N,0,1
1170806,N,ES,H,2013-08-28,,KHE,N,0,1
1170810,N,ES,V,2013-08-28,,KFC,N,0,1
1170811,N,ES,H,2013-08-28,,KHE,N,0,1
1170813,N,ES,H,2013-08-28,,KHE,N,0,1
1170815,N,ES,H,2013-08-28,,KHE,N,0,1
1170817,N,ES,H,2013-08-28,,KFC,N,0,1
1170819,N,ES,H,2013-08-28,,KFC,N,0,1
1170820,N,ES,H,2013-08-28,,KFC,N,0,1
1170821,N,ES,V,2013-08-28,,KFC,N,0,1
1170823,N,ES,H,2013-08-28,,KAT,N,0,1
1170824,N,ES,H,2013-08-28,,KFC,N,0,1
1170826,N,ES,V,2013-08-28,,KAT,N,0,1
1170827,N,ES,V,2013-08-28,,KAT,N,0,1
1170828,N,ES,H,2013-08-28,,KFC,N,0,1
1170829,N,ES,H,2013-08-28,,KFC,N,0,1
1170830,N,ES,H,2013-08-28,,KFC,N,0,1
1170831,N,ES,H,2013-08-28,,KFC,N,0,1
1170832,N,ES,V,2013-08-28,,KFC,N,0,1
1170833,N,ES,V,2013-08-28,,KFC,N,0,1
1170834,N,ES,V,2013-08-28,,KFC,N,0,1
1170835,N,ES,V,2013-08-28,,KFC,N,0,1
1170836,N,ES,V,2013-08-28,,KFC,N,0,1
1170837,N,ES,V,2013-08-28,,KFC,N,0,1
1170840,N,ES,H,2013-08-29,,KHE,N,0,1
1170841,N,ES,H,2013-08-28,,KAT,N,0,1
1170843,N,ES,H,2013-08-28,,KHE,N,0,1
1170844,N,ES,H,2013-08-28,,KHE,N,0,1
1170845,N,ES,H,2013-08-28,,KHE,N,0,1
1170846,N,ES,H,2013-08-28,,KHE,N,0,1
1170847,N,ES,H,2013-08-28,,KHE,N,0,1
1170848,N,ES,H,2013-08-28,,KHE,N,0,1
1170849,N,ES,V,2013-08-28,,KHE,N,0,1
1170850,N,ES,H,2013-08-28,,KHE,N,0,1
1170852,N,ES,V,2013-08-28,,KHE,N,0,1
1170853,N,ES,V,2013-08-28,,KHE,N,0,1
1170854,N,ES,H,2013-08-28,,KHE,N,0,1
1170855,N,ES,V,2013-08-28,,KHE,N,0,1
1170857,N,ES,H,2013-08-28,,KHE,N,0,1
1170858,N,ES,H,2013-08-28,,KHE,N,0,1
1170863,N,ES,H,2013-08-28,,KAT,N,0,1
1170868,N,ES,V,2013-08-28,,KFC,N,0,1
1170869,N,ES,V,2013-08-29,,KFA,N,0,1
1170871,N,ES,V,2013-08-29,,KHE,N,0,1
1170873,N,ES,H,2013-08-29,,KHE,N,0,1
1170874,N,ES,H,2013-08-29,,KHE,N,0,1
1170876,N,ES,H,2013-08-29,,KHE,N,0,1
1170877,N,ES,H,2013-08-29,,KHE,N,0,1
1170879,N,ES,H,2013-08-29,,KHE,N,0,1
1170881,N,ES,V,2013-08-29,,KHE,N,0,1
1170883,N,ES,V,2013-08-29,,KHE,N,0,1
1170885,N,ES,H,2013-08-29,,KHE,N,0,1
1170887,N,ES,H,2013-08-29,,KHE,N,0,1
1170889,N,ES,H,2013-08-29,,KHE,N,0,1
1170891,N,ES,V,2013-08-29,,KHE,N,0,1
1170893,N,ES,H,2013-08-29,,KHE,N,0,1
1170895,N,ES,H,2013-08-29,,KHE,N,0,1
1170897,N,ES,H,2013-08-29,,KHE,N,0,1
1170899,N,ES,V,2013-08-29,,KHE,N,0,1
1170901,N,ES,H,2013-08-29,,KHE,N,0,1
1170903,N,ES,H,2013-08-29,,KHE,N,0,1
1170905,N,ES,H,2013-08-29,,KHE,N,0,1
1170907,N,ES,H,2013-08-29,,KHE,N,0,1
1170909,N,ES,H,2013-08-29,,KHE,N,0,1
1170911,N,ES,H,2013-08-29,,KHE,N,0,1
1170913,N,ES,H,2013-08-29,,KHE,N,0,1
1170915,N,ES,H,2013-08-29,,KHE,N,0,1
1170917,N,ES,H,2013-08-29,,KHE,N,0,1
1170919,N,ES,H,2013-08-29,,KHE,N,0,1
1170921,N,ES,H,2013-08-29,,KHE,N,0,1
1170924,N,ES,H,2013-08-29,,KHE,N,0,1
1170926,N,ES,V,2013-08-29,,KHE,N,0,1
1170928,N,ES,H,2013-08-29,,KHE,N,0,1
1170930,N,ES,H,2013-08-29,,KHE,N,0,1
1170932,N,ES,H,2013-08-29,,KHE,N,0,1
1170934,N,ES,V,2013-08-29,,KHE,N,0,1
1170935,N,ES,H,2013-08-29,,KHE,N,0,1
1170937,N,ES,H,2013-08-29,,KHE,N,0,1
1170939,N,ES,H,2013-08-29,,KHE,N,0,1
1170941,N,ES,V,2013-08-29,,KHE,N,0,1
1170943,N,ES,H,2013-08-29,,KHE,N,0,1
1170945,N,ES,V,2013-08-29,,KFA,N,0,1
1170946,N,ES,H,2013-08-29,,KHE,N,0,1
1170949,N,ES,H,2013-08-29,,KHE,N,0,1
1170951,N,ES,H,2013-08-29,,KHE,N,0,1
1170953,N,ES,H,2013-08-29,,KHE,N,0,1
1170955,N,ES,H,2013-08-29,,KHE,N,0,1
1170957,N,ES,V,2013-08-30,,KFA,N,0,1
1170958,N,ES,V,2013-08-29,,KHE,N,0,1
1170960,N,ES,V,2013-08-29,,KHE,N,0,1
1170962,N,ES,H,2013-08-29,,KHE,N,0,1
1170964,N,ES,V,2013-08-29,,KHE,N,0,1
1170966,N,ES,H,2013-08-29,,KHE,N,0,1
1170967,N,ES,H,2013-08-29,,KHE,N,0,1
1170969,N,ES,H,2013-08-29,,KHE,N,0,1
1170971,N,ES,V,2013-08-29,,KHE,N,0,1
1170973,N,ES,V,2013-08-29,,KAT,N,0,1
1170974,N,ES,H,2013-08-29,,KHE,N,0,1
1170976,N,ES,H,2013-08-29,,KHE,N,0,1
1170978,N,ES,H,2013-08-29,,KHE,N,0,1
1170980,N,ES,H,2013-08-29,,KHE,N,0,1
1170982,N,ES,H,2013-08-29,,KHE,N,0,1
1170984,N,ES,V,2013-08-29,,KHE,N,0,1
1170986,N,ES,H,2013-08-29,,KHE,N,0,1
1170988,N,ES,H,2013-08-29,,KHE,N,0,1
1170990,N,ES,H,2013-08-29,,KHE,N,0,1
1170992,N,ES,V,2013-08-29,,KHE,N,0,1
1170994,N,ES,V,2013-08-29,,KHE,N,0,1
1170996,N,ES,V,2013-08-29,,KHE,N,0,1
1170997,N,ES,H,2013-08-29,,KHE,N,0,1
1170999,N,ES,H,2013-08-29,,KHE,N,0,1
1171001,N,ES,V,2013-08-29,,KAT,N,0,1
1171003,N,ES,V,2013-08-29,,KHE,N,0,1
1171005,N,ES,H,2013-08-29,,KHE,N,0,1
1171008,N,ES,H,2013-08-29,,KHE,N,0,1
1171010,N,ES,V,2013-08-29,,KHE,N,0,1
1171011,N,ES,H,2013-08-29,,KHE,N,0,1
1171013,N,ES,H,2013-08-29,,KHE,N,0,1
1171014,N,ES,H,2013-08-29,,KHE,N,0,1
1171015,N,ES,H,2013-08-29,,KHE,N,0,1
1171016,N,ES,V,2013-08-29,,KHE,N,0,1
1171017,N,ES,V,2013-08-29,,KHE,N,0,1
1171020,N,ES,V,2013-08-29,,KHE,N,0,1
1171022,N,ES,H,2013-08-29,,KHE,N,0,1
1171023,N,ES,H,2013-08-29,,KHE,N,0,1
1171024,N,ES,H,2013-08-29,,KHE,N,0,1
1171025,N,ES,V,2013-08-29,,KHE,N,0,1
1171026,N,ES,H,2013-08-29,,KHE,N,0,1
1171027,N,ES,H,2013-08-29,,KHE,N,0,1
1171028,N,ES,V,2013-08-29,,KHE,N,0,1
1171029,N,ES,H,2013-08-29,,KHE,N,0,1
1171031,N,ES,H,2013-08-29,,KHE,N,0,1
1171032,N,ES,H,2013-08-29,,KHE,N,0,1
1171034,N,ES,V,2013-08-29,,KHE,N,0,1
1171035,N,ES,H,2013-08-29,,KHE,N,0,1
1171036,N,ES,H,2013-08-29,,KHE,N,0,1
1171038,N,ES,H,2013-08-29,,KHE,N,0,1
1171039,N,ES,V,2013-08-29,,KHE,N,0,1
1171040,N,ES,V,2013-08-29,,KHE,N,0,1
1171041,N,ES,H,2013-08-29,,KHE,N,0,1
1171042,N,ES,V,2013-08-29,,KHE,N,0,1
1171043,N,ES,H,2013-08-29,,KHE,N,0,1
1171044,N,ES,H,2013-08-29,,KFA,N,0,1
1171045,N,ES,H,2013-08-29,,KHE,N,0,1
1171046,N,ES,H,2013-08-29,,KHE,N,0,1
1171047,N,ES,V,2013-08-29,,KHE,N,0,1
1171048,N,ES,V,2013-08-29,,KHE,N,0,1
1171049,N,ES,V,2013-08-29,,KHE,N,0,1
1171050,N,ES,V,2013-08-29,,KHE,N,0,1
1171051,N,ES,V,2013-08-29,,KHE,N,0,1
1171052,N,ES,H,2013-08-29,,KHE,N,0,1
1171054,N,ES,V,2013-08-29,,KHE,N,0,1
1171056,N,ES,V,2013-08-29,,KHE,N,0,1
1171057,N,ES,H,2013-08-29,,KHE,N,0,1
1171058,N,ES,V,2013-08-29,,KHE,N,0,1
1171060,N,ES,V,2013-08-29,,KHE,N,0,1
1171061,N,ES,H,2013-08-29,,KHE,N,0,1
1171062,N,ES,V,2013-08-29,,KHE,N,0,1
1171064,N,ES,V,2013-08-29,,KHE,N,0,1
1171065,N,ES,V,2013-08-29,,KHE,N,0,1
1171067,N,ES,V,2013-08-29,,KHE,N,0,1
1171068,N,ES,H,2013-08-29,,KHE,N,0,1
1171069,N,ES,H,2013-08-29,,KHE,N,0,1
1171070,N,ES,H,2013-08-29,,KHE,N,0,1
1171071,N,ES,H,2013-08-29,,KHE,N,0,1
1171072,N,ES,V,2013-08-29,,KHE,N,0,1
1171073,N,ES,V,2013-08-29,,KHE,N,0,1
1171788,N,ES,H,2013-09-02,,KAT,N,0,1
1171792,N,ES,H,2013-09-02,,KAT,N,0,1
1171794,N,ES,V,2013-09-02,,KFC,N,0,1
1171795,N,ES,V,2013-09-02,,KFC,N,0,1
1171797,N,ES,V,2013-09-02,,KAT,N,0,1
1171801,N,ES,V,2013-09-02,,KAT,N,0,1
1171802,N,ES,V,2013-09-02,,KFC,N,0,1
1171803,N,ES,V,2013-09-02,,KFC,N,0,1
1171805,N,ES,V,2013-09-02,,KFC,N,0,1
1171808,N,ES,H,2013-09-02,,KAT,N,0,1
1171809,N,ES,V,2013-09-02,,KFC,N,0,1
1171810,N,ES,V,2013-09-02,,KAT,N,0,1
1171812,N,ES,H,2013-09-02,,KFC,N,0,1
1171813,N,ES,V,2013-09-02,,KFC,N,0,1
1171814,N,ES,H,2013-09-02,,KFC,N,0,1
1171816,N,ES,V,2013-09-02,,KAT,N,0,1
1171817,N,ES,H,2013-09-02,,KFC,N,0,1
1171818,N,ES,V,2013-09-02,,KFC,N,0,1
1171819,N,ES,H,2013-09-02,,KAT,N,0,1
1171820,N,ES,H,2013-09-02,,KFC,N,0,1
1171821,N,ES,V,2013-09-02,,KFC,N,0,1
1171823,N,ES,V,2013-09-02,,KFC,N,0,1
1171826,N,ES,H,2013-09-02,,KAT,N,0,1
1171828,N,ES,H,2013-09-02,,KFC,N,0,1
1171829,N,ES,H,2013-09-02,,KFC,N,0,1
1171830,N,ES,H,2013-09-02,,KFC,N,0,1
1171832,N,ES,V,2013-09-02,,KHE,N,0,1
1171834,N,ES,H,2013-09-02,,KAT,N,0,1
1171836,N,ES,H,2013-09-02,,KFA,N,0,1
1171837,N,ES,V,2013-09-02,,KAT,N,0,1
1171841,N,ES,V,2013-09-02,,KAT,N,0,1
1171842,N,ES,H,2013-09-02,,KAT,N,0,1
1171844,N,ES,H,2013-09-02,,KFC,N,0,1
1171845,N,ES,H,2013-09-03,,KHE,N,0,1
1171846,N,ES,V,2013-09-03,,KHE,N,0,1
1171847,N,ES,H,2013-09-03,,KHE,N,0,1
1171848,N,ES,H,2013-09-03,,KHE,N,0,1
1171849,N,ES,V,2013-09-03,,KHE,N,0,1
1171850,N,ES,V,2013-09-03,,KHE,N,0,1
1171851,N,ES,H,2013-09-03,,KHE,N,0,1
1171853,N,ES,H,2013-09-03,,KHE,N,0,1
1171855,N,ES,H,2013-09-03,,KHE,N,0,1
1171856,N,ES,V,2013-09-03,,KHE,N,0,1
1171857,N,ES,H,2013-09-03,,KHE,N,0,1
1171858,N,ES,H,2013-09-03,,KHE,N,0,1
1171859,N,ES,V,2013-09-03,,KHE,N,0,1
1171860,N,ES,V,2013-09-03,,KHE,N,0,1
1171861,N,ES,V,2013-09-03,,KHE,N,0,1
1171862,N,ES,H,2013-09-03,,KHE,N,0,1
1171863,N,ES,V,2013-09-03,,KHE,N,0,1
1171864,N,ES,H,2013-09-03,,KHE,N,0,1
1171865,N,ES,H,2013-09-03,,KHE,N,0,1
1171866,N,ES,V,2013-09-03,,KHE,N,0,1
1171868,N,ES,V,2013-09-03,,KHE,N,0,1
1171869,N,ES,V,2013-09-03,,KHE,N,0,1
1171871,N,ES,V,2013-09-03,,KHE,N,0,1
1171873,N,ES,H,2013-09-03,,KAT,N,0,1
1171874,N,ES,V,2013-09-03,,KHE,N,0,1
1171875,N,ES,H,2013-09-03,,KHE,N,0,1
1171876,N,ES,V,2013-09-03,,KHE,N,0,1
1171901,N,ES,V,2013-09-03,,KHE,N,0,1
1171902,N,ES,V,2013-09-03,,KHE,N,0,1
1171903,N,ES,H,2013-09-03,,KHE,N,0,1
1171904,N,ES,V,2013-09-03,,KHE,N,0,1
1171905,N,ES,H,2013-09-03,,KHE,N,0,1
1171906,N,ES,H,2013-09-03,,KHE,N,0,1
1171907,N,ES,V,2013-09-03,,KHE,N,0,1
1171908,N,ES,V,2013-09-03,,KHE,N,0,1
1171909,N,ES,H,2013-09-03,,KHE,N,0,1
1171910,N,ES,H,2013-09-03,,KHE,N,0,1
1171911,N,ES,V,2013-09-03,,KHE,N,0,1
1171912,N,ES,V,2013-09-03,,KHE,N,0,1
1171913,N,ES,V,2013-09-03,,KHE,N,0,1
1171914,N,ES,V,2013-09-03,,KHE,N,0,1
1171915,N,ES,H,2013-09-03,,KHE,N,0,1
1171916,N,ES,V,2013-09-03,,KHE,N,0,1
1171917,N,ES,V,2013-09-03,,KHE,N,0,1
1171918,N,ES,H,2013-09-03,,KHE,N,0,1
1171919,N,ES,V,2013-09-03,,KHE,N,0,1
1171920,N,ES,H,2013-09-03,,KHE,N,0,1
1171921,N,ES,H,2013-09-03,,KHE,N,0,1
1171922,N,ES,V,2013-09-03,,KHE,N,0,1
1171923,N,ES,V,2013-09-03,,KHE,N,0,1
1171924,N,ES,V,2013-09-03,,KHE,N,0,1
1171925,N,ES,H,2013-09-03,,KHE,N,0,1
1171926,N,ES,H,2013-09-03,,KHE,N,0,1
1171927,N,ES,H,2013-09-03,,KHE,N,0,1
1171928,N,ES,H,2013-09-03,,KHE,N,0,1
1375586,N,ES,H,2015-01-12,,KHL,N,1,0
